frame_index,mode,stamp_sec,stamp_nanosec,frame_id,visualization_path,tx,ty,tz,qx,qy,qz,qw,rot_x_deg,rot_y_deg,rot_z_deg,delta_rot_x_deg,delta_rot_y_deg,delta_rot_z_deg,m00,m01,m02,m03,m10,m11,m12,m13,m20,m21,m22,m23,m30,m31,m32,m33
0,register,1784510356,67625266,camera_color_optical_frame,/home/bit/ffs+fp+sam/fp/stereo_tracker_fast_outputs/visualizations/000000.png,0.02165150,-0.00027464,0.49656752,0.00884523,0.99973297,-0.00668885,-0.02027588,-179.21249390,-2.31667542,178.97024536,0.00000000,0.00000000,0.00000000,-0.99902129,0.01741448,-0.04065927,0.02165150,0.01795698,0.99975407,-0.01301547,-0.00027464,0.04042260,-0.01373279,-0.99908853,0.49656752,-0.00000000,-0.00000000,-0.00000000,1.00000000
1,track,1784510356,84495402,camera_color_optical_frame,/home/bit/ffs+fp+sam/fp/stereo_tracker_fast_outputs/visualizations/000001.png,0.02115894,0.00044181,0.49618438,0.00705433,0.99973190,-0.00789055,-0.02059616,-179.07858276,-2.35379624,179.17250061,0.14209029,0.03435351,-0.20257553,-0.99905205,0.01377984,-0.04129260,0.02115894,0.01442993,0.99977595,-0.01548631,0.00044181,0.04106994,-0.01606741,-0.99902731,0.49618438,-0.00000000,-0.00000000,-0.00000000,1.00000000
2,track,1784510358,500906600,camera_color_optical_frame,/home/bit/ffs+fp+sam/fp/stereo_tracker_fast_outputs/visualizations/000002.png,0.02177091,0.00045732,0.49562809,0.00689387,0.99969935,-0.00807299,-0.02210428,-179.05677795,-2.52664304,179.18899536,0.02249500,0.17255946,-0.01925362,-0.99892777,0.01342668,-0.04430658,0.02177091,0.01414051,0.99977458,-0.01583638,0.00045732,0.04408395,-0.01644585,-0.99889266,0.49562809,-0.00000000,-0.00000000,-0.00000000,1.00000000
3,track,1784510358,517586337,camera_color_optical_frame,/home/bit/ffs+fp+sam/fp/stereo_tracker_fast_outputs/visualizations/000003.png,0.02112201,-0.00013748,0.49588332,0.00688703,0.99975276,-0.00599143,-0.02027516,-179.29701233,-2.31869221,179.19639587,-0.23993067,-0.20804437,-0.00396898,-0.99908304,0.01352767,-0.04062282,0.02112201,0.01401362,0.99983329,-0.01170067,-0.00013748,0.04045777,-0.01225914,-0.99910617,0.49588332,-0.00000000,-0.00000000,-0.00000000,1.00000000
4,track,1784510358,550866625,camera_color_optical_frame,/home/bit/ffs+fp+sam/fp/stereo_tracker_fast_outputs/visualizations/000004.png,0.02181290,0.00082838,0.49580660,0.00571065,0.99966210,-0.00759695,-0.02419570,-179.11285400,-2.76779008,179.32397461,0.18930161,0.44750673,-0.13291940,-0.99876404,0.01104980,-0.04846181,0.02181290,0.01178508,0.99981928,-0.01491243,0.00082838,0.04828827,-0.01546508,-0.99871379,0.49580660,-0.00000000,-0.00000000,-0.00000000,1.00000000
5,track,1784510358,634203242,camera_color_optical_frame,/home/bit/ffs+fp+sam/fp/stereo_tracker_fast_outputs/visualizations/000005.png,0.02145039,-0.00009683,0.49641103,0.00644549,0.99970150,-0.00499635,-0.02303136,-179.40998840,-2.63565040,179.24761963,-0.30083197,-0.13094079,0.07830061,-0.99885607,0.01265700,-0.04611338,0.02145039,0.01311728,0.99986696,-0.00969284,-0.00009683,0.04598456,-0.01028659,-0.99888927,0.49641103,-0.00000000,-0.00000000,-0.00000000,1.00000000
6,track,1784510358,717579313,camera_color_optical_frame,/home/bit/ffs+fp+sam/fp/stereo_tracker_fast_outputs/visualizations/000006.png,0.02156104,0.00020472,0.49596724,0.00772054,0.99967694,-0.00855388,-0.02265462,-178.99900818,-2.58850074,179.09240723,0.40384835,-0.04554114,0.15552810,-0.99885440,0.01504853,-0.04542669,0.02156104,0.01582365,0.99973440,-0.01675244,0.00020472,0.04516250,-0.01745201,-0.99882728,0.49596724,-0.00000000,-0.00000000,-0.00000000,1.00000000
7,track,1784510358,867555089,camera_color_optical_frame,/home/bit/ffs+fp+sam/fp/stereo_tracker_fast_outputs/visualizations/000007.png,0.02196985,0.00028019,0.49611041,0.00729702,0.99962085,-0.00778364,-0.02538494,-179.08596802,-2.90252852,179.14036560,-0.08481292,0.31314218,-0.05337567,-0.99860477,0.01419333,-0.05086423,0.02196985,0.01498366,0.99977225,-0.01519093,0.00028019,0.05063702,-0.01593182,-0.99859011,0.49611041,-0.00000000,-0.00000000,-0.00000000,1.00000000
8,track,1784510358,984265831,camera_color_optical_frame,/home/bit/ffs+fp+sam/fp/stereo_tracker_fast_outputs/visualizations/000008.png,0.02171004,0.00073691,0.49590191,0.00799564,0.99962997,-0.00947791,-0.02421163,-178.89077759,-2.76581192,179.05667114,0.19095129,-0.13536400,0.08576693,-0.99869978,0.01552641,-0.04855692,0.02171004,0.01644431,0.99969232,-0.01856163,0.00073691,0.04825378,-0.01933597,-0.99864805,0.49590191,-0.00000000,-0.00000000,-0.00000000,1.00000000
9,track,1784510359,68243398,camera_color_optical_frame,/home/bit/ffs+fp+sam/fp/stereo_tracker_fast_outputs/visualizations/000009.png,0.02166554,0.00054137,0.49583369,0.00832899,0.99962533,-0.00806495,-0.02479618,-179.05130005,-2.83382535,179.02177429,-0.16221730,0.06867564,0.03353667,-0.99863160,0.01625177,-0.04970812,0.02166554,0.01705169,0.99973112,-0.01571082,0.00054137,0.04943942,-0.01653692,-0.99864030,0.49583369,-0.00000000,-0.00000000,-0.00000000,1.00000000
10,track,1784510359,117726608,camera_color_optical_frame,/home/bit/ffs+fp+sam/fp/stereo_tracker_fast_outputs/visualizations/000010.png,0.02148380,0.00037399,0.49590075,0.00824099,0.99967062,-0.00667820,-0.02336938,-179.21203613,-2.67171311,179.03698730,-0.15998766,-0.16234164,-0.01251847,-0.99877197,0.01616442,-0.04683343,0.02148380,0.01678867,0.99977499,-0.01296683,0.00037399,0.04661329,-0.01373716,-0.99881864,0.49590075,-0.00000000,-0.00000000,-0.00000000,1.00000000
11,track,1784510359,184354434,camera_color_optical_frame,/home/bit/ffs+fp+sam/fp/stereo_tracker_fast_outputs/visualizations/000011.png,0.02136410,0.00063437,0.49600717,0.00798984,0.99966645,-0.00728742,-0.02345434,-179.14276123,-2.68107891,179.06408691,0.07054226,0.00899344,-0.02719356,-0.99877214,0.01563251,-0.04700949,0.02136410,0.01631620,0.99976617,-0.01419520,0.00063437,0.04677658,-0.01494477,-0.99879360,0.49600717,-0.00000000,-0.00000000,-0.00000000,1.00000000
12,track,1784510359,284242583,camera_color_optical_frame,/home/bit/ffs+fp+sam/fp/stereo_tracker_fast_outputs/visualizations/000012.png,0.02191251,0.00051461,0.49618113,0.00757737,0.99960607,-0.00667900,-0.02618568,-179.21110535,-2.99504042,179.11074829,-0.06617860,0.31322977,-0.05129111,-0.99851376,0.01479899,-0.05245197,0.02191251,0.01549857,0.99979609,-0.01295592,0.00051461,0.05224951,-0.01374957,-0.99853945,0.49618113,-0.00000000,-0.00000000,-0.00000000,1.00000000
13,track,1784510359,334291376,camera_color_optical_frame,/home/bit/ffs+fp+sam/fp/stereo_tracker_fast_outputs/visualizations/000013.png,0.02130136,0.00047193,0.49612215,0.00893933,0.99965775,-0.00669770,-0.02365812,-179.20762634,-2.70423555,178.95660400,-0.00457863,-0.28864741,0.15796600,-0.99872065,0.01755563,-0.04741979,0.02130136,0.01818946,0.99975061,-0.01296784,0.00047193,0.04718029,-0.01381378,-0.99879092,0.49612215,-0.00000000,-0.00000000,-0.00000000,1.00000000
14,track,1784510359,353923130,camera_color_optical_frame,/home/bit/ffs+fp+sam/fp/stereo_tracker_fast_outputs/visualizations/000014.png,0.02200620,0.00080349,0.49595243,0.00814214,0.99955326,-0.00835975,-0.02751538,-179.01527405,-3.14540172,179.03955078,0.19624446,0.43998110,-0.08891457,-0.99835306,0.01581696,-0.05514231,0.02200620,0.01673705,0.99972779,-0.01626397,0.00080349,0.05487004,-0.01716010,-0.99834609,0.49595243,-0.00000000,-0.00000000,-0.00000000,1.00000000
15,track,1784510359,384306827,camera_color_optical_frame,/home/bit/ffs+fp+sam/fp/stereo_tracker_fast_outputs/visualizations/000015.png,0.02194323,0.00086997,0.49603954,0.00798604,0.99957579,-0.00853497,-0.02667684,-178.99650574,-3.04927349,179.05780029,0.01977129,-0.09642698,-0.01656092,-0.99844903,0.01550992,-0.05346738,0.02194323,0.01642068,0.99972689,-0.01663660,0.00086997,0.05319474,-0.01748878,-0.99843115,0.49603954,-0.00000000,-0.00000000,-0.00000000,1.00000000
16,track,1784510359,450895790,camera_color_optical_frame,/home/bit/ffs+fp+sam/fp/stereo_tracker_fast_outputs/visualizations/000016.png,0.02146030,0.00019792,0.49703354,0.00685942,0.99965388,-0.00798315,-0.02411208,-179.06544495,-2.75687242,179.19122314,-0.06185543,-0.29468155,-0.12813640,-0.99874306,0.01332911,-0.04831699,0.02146030,0.01409908,0.99977857,-0.01562998,0.00019792,0.04809793,-0.01629158,-0.99870986,0.49703354,-0.00000000,-0.00000000,-0.00000000,1.00000000
17,track,1784510359,550898153,camera_color_optical_frame,/home/bit/ffs+fp+sam/fp/stereo_tracker_fast_outputs/visualizations/000017.png,0.02129976,0.00053046,0.49977279,0.00875290,0.99860853,-0.00902747,-0.05121402,-178.90983582,-5.86169434,178.93980408,0.14212744,3.10852003,0.19974485,-0.99460083,0.01655677,-0.10244355,0.02129976,0.01840611,0.99968380,-0.01713326,0.00053046,0.10212747,-0.01892637,-0.99459141,0.49977279,-0.00000000,-0.00000000,-0.00000000,1.00000000
18,track,1784510359,600884788,camera_color_optical_frame,/home/bit/ffs+fp+sam/fp/stereo_tracker_fast_outputs/visualizations/000018.png,0.02042269,0.00075512,0.49921817,0.00976344,0.99778479,-0.00914551,-0.06516612,-178.87179565,-7.46178722,178.80517578,0.02386814,1.60236228,0.10306830,-0.99131590,0.01829166,-0.13022210,0.02042269,0.02067557,0.99964207,-0.01697800,0.00075512,0.12986490,-0.01952300,-0.99133956,0.49921817,-0.00000000,-0.00000000,-0.00000000,1.00000000
19,track,1784510359,650933081,camera_color_optical_frame,/home/bit/ffs+fp+sam/fp/stereo_tracker_fast_outputs/visualizations/000019.png,0.02128524,0.00127427,0.49621117,0.00954193,0.99695086,-0.01116589,-0.07663769,-178.62435913,-8.77733517,178.79768372,0.24617299,1.31543899,-0.01850363,-0.98807102,0.01731421,-0.15302108,0.02128524,0.02073713,0.99956858,-0.02080112,0.00127427,0.15259486,-0.02372623,-0.98800409,0.49621117,-0.00000000,-0.00000000,-0.00000000,1.00000000
20,track,1784510359,667605920,camera_color_optical_frame,/home/bit/ffs+fp+sam/fp/stereo_tracker_fast_outputs/visualizations/000020.png,0.02136838,0.00119923,0.49834952,0.00773346,0.99687266,-0.01194661,-0.07773304,-178.54876709,-8.90491390,178.99804688,0.10615709,0.12284281,-0.20094913,-0.98779535,0.01356126,-0.15516469,0.02136838,0.01727585,0.99959499,-0.02261620,0.00119923,0.15479508,-0.02502079,-0.98762995,0.49834952,-0.00000000,-0.00000000,-0.00000000,1.00000000
21,track,1784510359,700897404,camera_color_optical_frame,/home/bit/ffs+fp+sam/fp/stereo_tracker_fast_outputs/visualizations/000021.png,0.02079773,0.00111854,0.49799708,0.00841039,0.99704623,-0.01081141,-0.07557253,-178.67674255,-8.65687370,178.93325806,-0.13801013,-0.24633160,0.07031638,-0.98843598,0.01513700,-0.15088050,0.02079773,0.01840518,0.99962479,-0.02028775,0.00111854,0.15051673,-0.02283015,-0.98834401,0.49799708,-0.00000000,-0.00000000,-0.00000000,1.00000000
22,track,1784510359,750888865,camera_color_optical_frame,/home/bit/ffs+fp+sam/fp/stereo_tracker_fast_outputs/visualizations/000022.png,0.02052234,0.00116568,0.49806172,0.00990297,0.99696743,-0.01233901,-0.07619449,-178.48619080,-8.72444057,178.74630737,0.16241941,0.07186132,0.18316849,-0.98819244,0.01786555,-0.15217127,0.02052234,0.02162620,0.99949938,-0.02309407,0.00116568,0.15168244,-0.02611227,-0.98808450,0.49806172,-0.00000000,-0.00000000,-0.00000000,1.00000000
23,track,1784510359,800888456,camera_color_optical_frame,/home/bit/ffs+fp+sam/fp/stereo_tracker_fast_outputs/visualizations/000023.png,0.02076044,0.00125493,0.49828348,0.00888024,0.99710357,-0.01245420,-0.07450166,-178.48422241,-8.53135109,178.86639404,0.02017051,-0.19614047,-0.11363060,-0.98874104,0.01585333,-0.14879295,0.02076044,0.01956475,0.99953210,-0.02351307,0.00125493,0.14835052,-0.02615943,-0.98858899,0.49828348,-0.00000000,-0.00000000,-0.00000000,1.00000000
24,track,1784510359,867604877,camera_color_optical_frame,/home/bit/ffs+fp+sam/fp/stereo_tracker_fast_outputs/visualizations/000024.png,0.01923325,0.00006182,0.50743717,0.01111131,0.99724364,-0.00964891,-0.07272276,-178.79194641,-8.32744694,178.63531494,-0.34199440,-0.19771485,0.23395965,-0.98917550,0.02075799,-0.14525902,0.01923325,0.02356475,0.99956691,-0.01762853,0.00006182,0.14483015,-0.02086071,-0.98923671,0.50743717,-0.00000000,-0.00000000,-0.00000000,1.00000000
25,track,1784510359,967601629,camera_color_optical_frame,/home/bit/ffs+fp+sam/fp/stereo_tracker_fast_outputs/visualizations/000025.png,0.02055091,0.00076115,0.50337780,0.00960375,0.99245089,-0.01160074,-0.12171454,-178.50230408,-13.96733093,178.70768738,0.29431021,5.63715124,-0.18983753,-0.97018629,0.01623855,-0.24181420,0.02055091,0.02188645,0.99954641,-0.02068850,0.00076115,0.24136852,-0.02536415,-0.97010207,0.50337780,-0.00000000,-0.00000000,-0.00000000,1.00000000
26,track,1784510360,17639700,camera_color_optical_frame,/home/bit/ffs+fp+sam/fp/stereo_tracker_fast_outputs/visualizations/000026.png,0.02015968,0.00252091,0.49456158,0.01092032,0.98942614,-0.01416808,-0.14393039,-178.13616943,-16.52941704,178.46455383,0.30588257,2.56743336,0.16622877,-0.95832926,0.01753128,-0.28512642,0.02015968,0.02568814,0.99936002,-0.02489301,0.00252091,0.28450748,-0.03118007,-0.95816672,0.49456158,-0.00000000,-0.00000000,-0.00000000,1.00000000
27,track,1784510360,67604344,camera_color_optical_frame,/home/bit/ffs+fp+sam/fp/stereo_tracker_fast_outputs/visualizations/000027.png,0.01683419,0.00130197,0.50573254,0.01078159,0.98938507,-0.01119528,-0.14448418,-178.48910522,-16.59827995,178.53091431,-0.33404729,0.06677368,-0.06580368,-0.95801592,0.01809921,-0.28614238,0.01683419,0.02456936,0.99951684,-0.01903735,0.00130197,0.28565955,-0.02526841,-0.95799810,0.50573254,-0.00000000,-0.00000000,-0.00000000,1.00000000
28,track,1784510360,84238265,camera_color_optical_frame,/home/bit/ffs+fp+sam/fp/stereo_tracker_fast_outputs/visualizations/000028.png,0.01659770,0.00123475,0.50612563,0.01174349,0.98780328,-0.01016646,-0.15493046,-178.57217407,-17.80887985,178.41401672,-0.11679921,1.21314991,0.07934263,-0.95171702,0.02005033,-0.30632037,0.01659770,0.02635070,0.99951744,-0.01644608,0.00123475,0.30584279,-0.02372378,-0.95178646,0.50612563,-0.00000000,-0.00000000,-0.00000000,1.00000000
29,track,1784510360,117618766,camera_color_optical_frame,/home/bit/ffs+fp+sam/fp/stereo_tracker_fast_outputs/visualizations/000029.png,0.01696692,0.00223515,0.50691402,0.01136367,0.98534936,-0.01641406,-0.16937567,-177.79968262,-19.47620773,178.30085754,0.73726326,1.66950619,0.06514683,-0.94236529,0.01683410,-0.33416146,0.01696692,0.02795464,0.99920285,-0.02849769,0.00223515,0.33341533,-0.03619662,-0.94208503,0.50691402,-0.00000000,-0.00000000,-0.00000000,1.00000000
30,track,1784510360,167607004,camera_color_optical_frame,/home/bit/ffs+fp+sam/fp/stereo_tracker_fast_outputs/visualizations/000030.png,0.01675358,0.00262577,0.50692981,0.01432915,0.98240876,-0.01426438,-0.18564555,-177.94787598,-21.36763573,177.94152832,-0.26925361,1.90324163,0.26190698,-0.93066061,0.02285794,-0.36516839,0.01675358,0.03345037,0.99918234,-0.02270660,0.00262577,0.36435071,-0.03334718,-0.93066460,0.50692981,-0.00000000,-0.00000000,-0.00000000,1.00000000
31,track,1784510360,217591629,camera_color_optical_frame,/home/bit/ffs+fp+sam/fp/stereo_tracker_fast_outputs/visualizations/000031.png,0.01691251,0.00256220,0.50693285,0.01434735,0.98061061,-0.01352997,-0.19497158,-178.00762939,-22.45726013,177.92796326,-0.06506495,1.08937728,-0.02648699,-0.92356020,0.02286243,-0.38277063,0.01691251,0.03341423,0.99922210,-0.02094060,0.00256220,0.38199404,-0.03212993,-0.92360604,0.50693285,-0.00000000,-0.00000000,-0.00000000,1.00000000
32,track,1784510360,267786210,camera_color_optical_frame,/home/bit/ffs+fp+sam/fp/stereo_tracker_fast_outputs/visualizations/000032.png,0.01737588,0.00215331,0.50763482,0.01454288,0.97740418,-0.00975409,-0.21065255,-178.41595459,-24.29920006,177.95407104,-0.39937326,1.83999968,-0.08785744,-0.91082782,0.02431912,-0.41206908,0.01737588,0.03253796,0.99938667,-0.01294036,0.00215331,0.41150153,-0.02519437,-0.91106063,0.50763482,-0.00000000,-0.00000000,-0.00000000,1.00000000
33,track,1784510360,334231630,camera_color_optical_frame,/home/bit/ffs+fp+sam/fp/stereo_tracker_fast_outputs/visualizations/000033.png,0.01915263,0.00376715,0.50667566,0.01440213,0.97224635,-0.01594745,-0.23297057,-177.57568359,-26.90742493,177.72261047,0.74328977,2.61310625,0.13437107,-0.89103436,0.02057430,-0.45346898,0.01915263,0.03543539,0.99907637,-0.02429913,0.00376715,0.45255017,-0.03772026,-0.89094079,0.50667566,-0.00000000,-0.00000000,-0.00000000,1.00000000
34,track,1784510360,417604639,camera_color_optical_frame,/home/bit/ffs+fp+sam/fp/stereo_tracker_fast_outputs/visualizations/000034.png,0.02020652,0.00397622,0.50073868,0.01093059,0.96221834,-0.01747934,-0.27149746,-177.34057617,-31.47305489,177.94883728,0.33015081,4.55352116,-0.38692415,-0.85233909,0.01154405,-0.52286172,0.02020652,0.03052639,0.99914986,-0.02770261,0.00397622,0.52209735,-0.03957315,-0.85196722,0.50073868,-0.00000000,-0.00000000,-0.00000000,1.00000000
35,track,1784510360,484297893,camera_color_optical_frame,/home/bit/ffs+fp+sam/fp/stereo_tracker_fast_outputs/visualizations/000035.png,0.02090340,0.00303080,0.50703025,0.01330832,0.95741498,-0.01596208,-0.28796655,-177.37435913,-33.43441391,177.61854553,-0.20787555,1.97246110,0.18444595,-0.83379608,0.01629009,-0.55183178,0.02090340,0.03467622,0.99913609,-0.02289994,0.00303080,0.55098194,-0.03822938,-0.83364105,0.50703025,-0.00000000,-0.00000000,-0.00000000,1.00000000
36,track,1784510360,534244788,camera_color_optical_frame,/home/bit/ffs+fp+sam/fp/stereo_tracker_fast_outputs/visualizations/000036.png,0.02158317,0.00313441,0.50755560,0.01136831,0.95114678,-0.01731317,-0.30804372,-177.17588806,-35.84510422,177.71688843,0.25039774,2.40454316,-0.19021350,-0.80995929,0.01095945,-0.58638316,0.02158317,0.03229225,0.99914199,-0.02593083,0.00313441,0.58559573,-0.03993861,-0.80961865,0.50755560,-0.00000000,-0.00000000,-0.00000000,1.00000000
37,track,1784510360,550890608,camera_color_optical_frame,/home/bit/ffs+fp+sam/fp/stereo_tracker_fast_outputs/visualizations/000037.png,0.02282465,0.00377437,0.50177270,0.01091626,0.94790202,-0.01837559,-0.31784430,-177.00054932,-37.02543640,177.67584229,0.15070668,1.18052208,-0.02543507,-0.79771125,0.00901395,-0.60297167,0.02282465,0.03237623,0.99908626,-0.02789716,0.00377437,0.60216922,-0.04177588,-0.79727459,0.50177270,-0.00000000,-0.00000000,-0.00000000,1.00000000
38,track,1784510360,584228526,camera_color_optical_frame,/home/bit/ffs+fp+sam/fp/stereo_tracker_fast_outputs/visualizations/000038.png,0.02259144,0.00362674,0.50047648,0.01002514,0.94448853,-0.01494113,-0.32805136,-177.45939636,-38.27101517,177.90206909,-0.32327735,1.23479831,-0.24260977,-0.78456330,0.00913436,-0.61998099,0.02259144,0.02874015,0.99935246,-0.02164591,0.00362674,0.61938173,-0.03480099,-0.78431809,0.50047648,-0.00000000,-0.00000000,-0.00000000,1.00000000
39,track,1784510360,634224642,camera_color_optical_frame,/home/bit/ffs+fp+sam/fp/stereo_tracker_fast_outputs/visualizations/000039.png,0.02278217,0.00359855,0.50051194,0.00814101,0.93462431,-0.01672421,-0.35514984,-177.16166687,-41.57433701,177.92424011,0.30726209,3.29933834,-0.16318043,-0.74760425,0.00333839,-0.66413558,0.02278217,0.02709674,0.99930805,-0.02547912,0.00359855,0.66359091,-0.03704427,-0.74717772,0.50051194,-0.00000000,-0.00000000,-0.00000000,1.00000000
40,track,1784510360,700889070,camera_color_optical_frame,/home/bit/ffs+fp+sam/fp/stereo_tracker_fast_outputs/visualizations/000040.png,0.02377370,0.00347445,0.50505453,0.00948617,0.92426181,-0.01877969,-0.38117906,-176.61273193,-44.76997757,177.42849731,0.21504894,3.21019387,0.19360039,-0.70922470,0.00321857,-0.70497477,0.02377370,0.03185223,0.99911463,-0.02748283,0.00347445,0.70426202,-0.04194657,-0.70869964,0.50505453,-0.00000000,-0.00000000,-0.00000000,1.00000000
41,track,1784510360,767618867,camera_color_optical_frame,/home/bit/ffs+fp+sam/fp/stereo_tracker_fast_outputs/visualizations/000041.png,0.02419053,0.00315390,0.50684839,0.00954670,0.92234433,-0.01393473,-0.38599950,-177.30101013,-45.38016510,177.68531799,-0.50755715,0.59875602,-0.21616374,-0.70182610,0.00685308,-0.71231502,0.02419053,0.02836828,0.99942935,-0.01833518,0.00315390,0.71178263,-0.03307530,-0.70162034,0.50684839,-0.00000000,-0.00000000,-0.00000000,1.00000000
42,track,1784510360,817586548,camera_color_optical_frame,/home/bit/ffs+fp+sam/fp/stereo_tracker_fast_outputs/visualizations/000042.png,0.02410510,0.00287965,0.50635898,0.00910553,0.92215097,-0.01376666,-0.38647801,-177.35098267,-45.44124985,177.75914001,0.00255513,0.05860309,-0.05461459,-0.70110339,0.00615232,-0.71303272,0.02410510,0.02743435,0.99945509,-0.01835169,0.00287965,0.71253109,-0.03242805,-0.70089054,0.50635898,-0.00000000,-0.00000000,-0.00000000,1.00000000
43,track,1784510360,884224133,camera_color_optical_frame,/home/bit/ffs+fp+sam/fp/stereo_tracker_fast_outputs/visualizations/000043.png,0.02392706,0.00323811,0.50665545,0.01133126,0.92281818,-0.01523444,-0.38476768,-177.00234985,-45.21832275,177.34440613,0.05314510,-0.20842727,0.30210462,-0.70365053,0.00918994,-0.71048647,0.02392706,0.03263682,0.99927902,-0.01939742,0.00323811,0.70979577,-0.03683705,-0.70344353,0.50665545,-0.00000000,-0.00000000,-0.00000000,1.00000000
44,track,1784510361,879315,camera_color_optical_frame,/home/bit/ffs+fp+sam/fp/stereo_tracker_fast_outputs/visualizations/000044.png,0.02404580,0.00292237,0.50746882,0.01099855,0.92237371,-0.01604691,-0.38580871,-176.89335632,-45.34621811,177.33557129,0.10271429,0.12805259,-0.00048537,-0.70206106,0.00790748,-0.71207255,0.02404580,0.03267162,0.99924302,-0.02111580,0.00292237,0.71136636,-0.03808918,-0.70178837,0.50746882,-0.00000000,-0.00000000,-0.00000000,1.00000000
45,track,1784510361,67552624,camera_color_optical_frame,/home/bit/ffs+fp+sam/fp/stereo_tracker_fast_outputs/visualizations/000045.png,0.02386421,0.00266631,0.50697303,0.01002422,0.92198318,-0.01325034,-0.38687339,-177.36827087,-45.48899841,177.65072632,-0.25071076,0.13103908,-0.22837375,-0.70045674,0.00823191,-0.71364713,0.02386421,0.02873674,0.99944782,-0.01667695,0.00266631,0.71311563,-0.03218941,-0.70030701,0.50697303,-0.00000000,-0.00000000,-0.00000000,1.00000000
46,track,1784510361,134212545,camera_color_optical_frame,/home/bit/ffs+fp+sam/fp/stereo_tracker_fast_outputs/visualizations/000046.png,0.02418621,0.00306136,0.50686270,0.00983431,0.92245811,-0.01501889,-0.38567966,-177.12197876,-45.33681107,177.57614136,0.19310185,-0.14958483,0.05935481,-0.70230871,0.00655850,-0.71184200,0.02418621,0.02972844,0.99935538,-0.02012278,0.00306136,0.71125102,-0.03529438,-0.70205140,0.50686270,-0.00000000,-0.00000000,-0.00000000,1.00000000
47,track,1784510361,150876124,camera_color_optical_frame,/home/bit/ffs+fp+sam/fp/stereo_tracker_fast_outputs/visualizations/000047.png,0.02428799,0.00307225,0.50704914,0.00998341,0.92257887,-0.01520567,-0.38537952,-177.08662415,-45.29861832,177.54415894,0.01260298,-0.03700599,0.02439287,-0.70276564,0.00670106,-0.71138960,0.02428799,0.03014088,0.99933821,-0.02036203,0.00307225,0.71078229,-0.03575169,-0.70250303,0.50704914,-0.00000000,-0.00000000,-0.00000000,1.00000000
48,track,1784510361,200880817,camera_color_optical_frame,/home/bit/ffs+fp+sam/fp/stereo_tracker_fast_outputs/visualizations/000048.png,0.02429456,0.00293234,0.50748193,0.00996161,0.92270523,-0.01590353,-0.38504937,-176.98544312,-45.25585556,177.50611877,0.07413575,-0.04132267,0.02891627,-0.70327532,0.00613596,-0.71089089,0.02429456,0.03063054,0.99929565,-0.02167709,0.00293234,0.71025717,-0.03701999,-0.70296836,0.50748193,-0.00000000,-0.00000000,-0.00000000,1.00000000
49,track,1784510361,250933140,camera_color_optical_frame,/home/bit/ffs+fp+sam/fp/stereo_tracker_fast_outputs/visualizations/000049.png,0.02434828,0.00307380,0.50738698,0.00974108,0.92259103,-0.01583204,-0.38533148,-177.00799561,-45.29175949,177.54164124,0.00269718,0.03456077,-0.02685557,-0.70284939,0.00577290,-0.71131516,0.02434828,0.03017523,0.99930888,-0.02170588,0.00307380,0.71069819,-0.03672012,-0.70253819,0.50738698,-0.00000000,-0.00000000,-0.00000000,1.00000000
50,track,1784510361,317562614,camera_color_optical_frame,/home/bit/ffs+fp+sam/fp/stereo_tracker_fast_outputs/visualizations/000050.png,0.02426667,0.00291245,0.50757480,0.00835571,0.92147011,-0.01664038,-0.38800275,-176.95481873,-45.62581635,177.67980957,0.15132311,0.32865182,-0.11393359,-0.69876796,0.00248605,-0.71534401,0.02426667,0.02831209,0.99930656,-0.02418311,0.00291245,0.71478778,-0.03715133,-0.69835413,0.50757480,-0.00000000,-0.00000000,-0.00000000,1.00000000
51,track,1784510361,384218226,camera_color_optical_frame,/home/bit/ffs+fp+sam/fp/stereo_tracker_fast_outputs/visualizations/000051.png,0.02313775,0.00287360,0.50884539,0.00805881,0.91620940,-0.01369601,-0.40038460,-177.33967590,-47.17653275,177.83032227,-0.27832407,1.54319835,-0.18460174,-0.67925435,0.00379976,-0.73389304,0.02313775,0.02573446,0.99949491,-0.01864356,0.00287360,0.73345143,-0.03155011,-0.67900932,0.50884539,-0.00000000,-0.00000000,-0.00000000,1.00000000
52,track,1784510361,450883755,camera_color_optical_frame,/home/bit/ffs+fp+sam/fp/stereo_tracker_fast_outputs/visualizations/000052.png,0.02406937,0.00328073,0.50187773,0.00616267,0.90257591,-0.01519032,-0.43021867,-177.02362061,-50.93419647,177.79978943,0.28789794,3.75451374,-0.15540220,-0.62974787,-0.00194576,-0.77679729,0.02406937,0.02419487,0.99946254,-0.02211820,0.00328073,0.77642262,-0.03272345,-0.62936246,0.50187773,-0.00000000,-0.00000000,-0.00000000,1.00000000
53,track,1784510361,500962446,camera_color_optical_frame,/home/bit/ffs+fp+sam/fp/stereo_tracker_fast_outputs/visualizations/000053.png,0.02385335,0.00200005,0.51014006,0.00524867,0.89242381,-0.01125431,-0.45102730,-177.60269165,-53.60028458,178.11494446,-0.33729056,2.65316749,-0.32552698,-0.59309369,-0.00078393,-0.80513334,0.02385335,0.01952007,0.99969155,-0.01535260,0.00200005,0.80489671,-0.02482184,-0.59289557,0.51014006,-0.00000000,-0.00000000,-0.00000000,1.00000000
54,track,1784510361,567552253,camera_color_optical_frame,/home/bit/ffs+fp+sam/fp/stereo_tracker_fast_outputs/visualizations/000054.png,0.02455771,0.00219352,0.51078588,0.00523212,0.88175386,-0.01379020,-0.47147915,-176.98304749,-56.23382950,177.70774841,0.28900474,2.64135385,0.11610550,-0.55536008,-0.00377671,-0.83160168,0.02455771,0.02223047,0.99956489,-0.01938543,0.00219352,0.83131266,-0.02925283,-0.55503452,0.51078588,-0.00000000,-0.00000000,-0.00000000,1.00000000
55,track,1784510361,634213012,camera_color_optical_frame,/home/bit/ffs+fp+sam/fp/stereo_tracker_fast_outputs/visualizations/000055.png,0.02425114,0.00273911,0.51210517,0.00675294,0.86672419,-0.01505387,-0.49851477,-176.26231384,-59.76258469,176.95904541,0.09143747,3.54578114,0.19114640,-0.50287503,-0.00330328,-0.86435306,0.02425114,0.02671502,0.99945551,-0.01936220,0.00273911,0.86394608,-0.03282802,-0.50251299,0.51210517,-0.00000000,-0.00000000,-0.00000000,1.00000000
56,track,1784510361,750903876,camera_color_optical_frame,/home/bit/ffs+fp+sam/fp/stereo_tracker_fast_outputs/visualizations/000056.png,0.02644449,0.00347023,0.50431842,-0.00629813,-0.83022529,0.01508648,0.55718821,-175.15873718,-67.66736603,175.88459778,0.13047814,7.91805077,-0.10753215,-0.37900326,-0.00635435,-0.92537373,0.02644449,0.02726970,0.99946547,-0.01803187,0.00347023,0.92499334,-0.03206884,-0.37862730,0.50431842,-0.00000000,-0.00000000,-0.00000000,1.00000000
57,track,1784510361,817567676,camera_color_optical_frame,/home/bit/ffs+fp+sam/fp/stereo_tracker_fast_outputs/visualizations/000057.png,0.02928950,0.00136337,0.50348318,0.00027566,-0.80645066,0.00909802,0.59123141,-177.26837158,-72.47826385,178.03688049,-0.12818369,4.75007248,-1.05569696,-0.30089086,-0.01120272,-0.95359296,0.02928950,0.01031342,0.99983430,-0.01500016,0.00136337,0.95360267,-0.01434825,-0.30072540,0.50348318,-0.00000000,-0.00000000,-0.00000000,1.00000000
58,track,1784510361,884222218,camera_color_optical_frame,/home/bit/ffs+fp+sam/fp/stereo_tracker_fast_outputs/visualizations/000058.png,0.04164271,-0.00112218,0.52616739,0.00144684,-0.74146378,0.00545742,0.67096919,-176.46377563,-84.27630615,177.02394104,-0.24112603,11.79022598,-0.46730790,-0.09959673,-0.00946912,-0.99498290,0.04164271,0.00517792,0.99993628,-0.01003453,-0.00112218,0.99501425,-0.00615139,-0.09954121,0.52616739,-0.00000000,-0.00000000,-0.00000000,1.00000000
59,track,1784510361,934409279,camera_color_optical_frame,/home/bit/ffs+fp+sam/fp/stereo_tracker_fast_outputs/visualizations/000059.png,0.03457116,0.00064509,0.50502485,0.00218521,-0.75094682,0.00634545,0.66032863,-177.02510071,-82.64455414,177.71777344,0.12790158,-1.63360190,0.01194544,-0.12792289,-0.01166215,-0.99171561,0.03457116,0.00509818,0.99991000,-0.01241610,0.00064509,0.99177086,-0.00664427,-0.12785178,0.50502485,-0.00000000,-0.00000000,-0.00000000,1.00000000
60,track,1784510361,950923719,camera_color_optical_frame,/home/bit/ffs+fp+sam/fp/stereo_tracker_fast_outputs/visualizations/000060.png,0.03915777,-0.00034506,0.51478124,0.00075188,-0.73343837,0.00372228,0.67974532,-176.65213013,-85.64161682,177.01493835,-0.32910401,2.99611926,-0.10229220,-0.07589160,-0.00616334,-0.99709713,0.03915777,0.00395746,0.99997115,-0.00648229,-0.00034506,0.99710804,-0.00443794,-0.07586487,0.51478124,-0.00000000,-0.00000000,-0.00000000,1.00000000
61,track,1784510362,895983,camera_color_optical_frame,/home/bit/ffs+fp+sam/fp/stereo_tracker_fast_outputs/visualizations/000061.png,0.03677399,-0.00051256,0.50804591,0.00304669,-0.73014003,0.00119456,0.68328971,177.90803528,-86.20012665,-177.56416321,-0.03448315,0.55349183,-0.39173028,-0.06621192,-0.00608152,-0.99778718,0.03677399,-0.00281659,0.99997854,-0.00590793,-0.00051256,0.99780148,0.00241916,-0.06622747,0.50804591,-0.00000000,-0.00000000,-0.00000000,1.00000000
62,track,1784510362,67555040,camera_color_optical_frame,/home/bit/ffs+fp+sam/fp/stereo_tracker_fast_outputs/visualizations/000062.png,0.03866414,0.00045024,0.51432246,0.00191405,-0.71394038,0.00576381,0.70018023,-164.05850220,-88.84220123,164.68080139,0.30059442,2.68245268,0.45172843,-0.01948809,-0.01080446,-0.99975181,0.03866414,0.00533836,0.99992615,-0.01091037,0.00045024,0.99979568,-0.00554966,-0.01942881,0.51432246,-0.00000000,-0.00000000,-0.00000000,1.00000000
63,track,1784510362,134211736,camera_color_optical_frame,/home/bit/ffs+fp+sam/fp/stereo_tracker_fast_outputs/visualizations/000063.png,0.03900132,-0.00012633,0.51410514,0.00219233,-0.70482516,0.00339437,0.70936954,-14.58890533,-89.61910248,15.04186440,-0.17041321,1.48215961,-0.22317094,0.00642006,-0.00790617,-0.99994820,0.03900132,0.00172528,0.99996722,-0.00789521,-0.00012633,0.99997771,-0.00167451,0.00643366,0.51410514,-0.00000000,-0.00000000,-0.00000000,1.00000000
64,track,1784510362,200874459,camera_color_optical_frame,/home/bit/ffs+fp+sam/fp/stereo_tracker_fast_outputs/visualizations/000064.png,0.03927885,0.00196539,0.51393998,-0.00415885,-0.69363576,0.01163054,0.72021997,-30.40482712,-87.49443054,31.01049042,0.16898704,1.78887165,1.17823780,0.03746824,-0.01098366,-0.99923754,0.03927885,0.02252253,0.99969471,-0.01014414,0.00196539,0.99904382,-0.02212529,0.03770436,0.51393998,-0.00000000,-0.00000000,-0.00000000,1.00000000
65,track,1784510362,250882651,camera_color_optical_frame,/home/bit/ffs+fp+sam/fp/stereo_tracker_fast_outputs/visualizations/000065.png,0.04031806,0.00069862,0.51466656,0.00108219,-0.67712945,0.00618175,0.73583722,-4.66990519,-85.22371674,5.25900269,0.00895282,2.59958267,-0.87925780,0.08291492,-0.01056309,-0.99650067,0.04031806,0.00763195,0.99992108,-0.00996434,0.00069862,0.99652719,-0.00677907,0.08298919,0.51466656,-0.00000000,-0.00000000,-0.00000000,1.00000000
66,track,1784510362,317573633,camera_color_optical_frame,/home/bit/ffs+fp+sam/fp/stereo_tracker_fast_outputs/visualizations/000066.png,0.04074720,0.00101038,0.51383853,0.00036832,-0.66551375,0.00823690,0.74634010,-5.21110630,-83.41618347,5.90953159,0.10968051,1.79502022,0.22154748,0.11404719,-0.01278530,-0.99339306,0.04074720,0.01180481,0.99986386,-0.01151333,0.00101038,0.99340487,-0.01041376,0.11418280,0.51383853,-0.00000000,-0.00000000,-0.00000000,1.00000000
67,track,1784510362,384208060,camera_color_optical_frame,/home/bit/ffs+fp+sam/fp/stereo_tracker_fast_outputs/visualizations/000067.png,0.03996427,0.00033879,0.51103628,-0.00001177,-0.66033852,0.00672449,0.75093800,-3.97971654,-82.63354492,4.52477169,-0.14389353,0.79340410,-0.10591868,0.12781541,-0.01008380,-0.99174666,0.03996427,0.01011490,0.99990940,-0.00886321,0.00033879,0.99174601,-0.00889856,0.12790604,0.51103628,-0.00000000,-0.00000000,-0.00000000,1.00000000
68,track,1784510362,450885452,camera_color_optical_frame,/home/bit/ffs+fp+sam/fp/stereo_tracker_fast_outputs/visualizations/000068.png,0.03980044,0.00108198,0.51312602,-0.00001344,-0.66272920,0.00668745,0.74882931,-4.17927265,-82.99799347,4.72107744,-0.00478796,-0.36528513,-0.00142418,0.12149044,-0.00999769,-0.99254221,0.03980044,0.01003333,0.99991041,-0.00884381,0.00108198,0.99254149,-0.00888406,0.12158008,0.51312602,-0.00000000,-0.00000000,-0.00000000,1.00000000
69,track,1784510362,517582160,camera_color_optical_frame,/home/bit/ffs+fp+sam/fp/stereo_tracker_fast_outputs/visualizations/000069.png,0.03984690,0.00101329,0.51269549,0.00012291,-0.66080064,0.00969100,0.75049889,-5.69029665,-82.68571472,6.48714304,0.24190871,0.29163310,0.24672005,0.12649681,-0.01470860,-0.99185789,0.03984690,0.01438374,0.99981207,-0.01299214,0.00101329,0.99186230,-0.01262316,0.12668481,0.51269549,-0.00000000,-0.00000000,-0.00000000,1.00000000
70,track,1784510362,584215183,camera_color_optical_frame,/home/bit/ffs+fp+sam/fp/stereo_tracker_fast_outputs/visualizations/000070.png,0.03968919,0.00116199,0.51217830,-0.00255108,-0.66041195,0.00753274,0.75086141,-6.15915585,-82.62052917,6.56365156,-0.39295951,0.06386832,0.01624093,0.12759835,-0.00794256,-0.99179411,0.03968919,0.01468161,0.99987340,-0.00611842,0.00116199,0.99171680,-0.01378045,0.12769900,0.51217830,-0.00000000,-0.00000000,-0.00000000,1.00000000
71,track,1784510362,634217430,camera_color_optical_frame,/home/bit/ffs+fp+sam/fp/stereo_tracker_fast_outputs/visualizations/000071.png,0.03908644,0.00230421,0.51128149,-0.00589911,-0.66469842,0.01081392,0.74701023,-11.27814770,-83.19030762,11.67709732,-0.04767885,-0.65812302,0.53804708,0.11611796,-0.00831395,-0.99320066,0.03908644,0.02399847,0.99969637,-0.00556262,0.00230421,0.99294508,-0.02318940,0.11628242,0.51128149,-0.00000000,-0.00000000,-0.00000000,1.00000000
72,track,1784510362,700977164,camera_color_optical_frame,/home/bit/ffs+fp+sam/fp/stereo_tracker_fast_outputs/visualizations/000072.png,0.03911518,0.00178838,0.51161188,-0.00555079,-0.66320664,0.00883163,0.74836367,-9.45322227,-82.99777985,9.71955967,-0.11880895,0.23149088,-0.19712794,0.12015784,-0.00585590,-0.99273753,0.03911518,0.02058118,0.99978215,-0.00340639,0.00178838,0.99254102,-0.02002244,0.12025239,0.51161188,-0.00000000,-0.00000000,-0.00000000,1.00000000
73,track,1784510362,750891447,camera_color_optical_frame,/home/bit/ffs+fp+sam/fp/stereo_tracker_fast_outputs/visualizations/000073.png,0.03950610,0.00171747,0.51132363,-0.00366203,-0.66254604,0.01052533,0.74893826,-9.04731369,-82.90147400,9.60450935,0.29172468,0.09731070,0.00178898,0.12184364,-0.01091311,-0.99248928,0.03950610,0.02061817,0.99975139,-0.00846180,0.00171747,0.99233460,-0.01943233,0.12203855,0.51132363,-0.00000000,-0.00000000,-0.00000000,1.00000000
74,track,1784510362,817510430,camera_color_optical_frame,/home/bit/ffs+fp+sam/fp/stereo_tracker_fast_outputs/visualizations/000074.png,0.03949143,0.00107408,0.51168740,0.00000525,-0.66339058,0.00832630,0.74822700,-5.26370859,-83.08866882,5.94003820,0.14698631,-0.12938794,-0.46681741,0.11968701,-0.01246687,-0.99273336,0.03949143,0.01245299,0.99986106,-0.01105508,0.00107408,0.99273300,-0.01103936,0.11982583,0.51168740,-0.00000000,-0.00000000,-0.00000000,1.00000000
75,track,1784510362,867456601,camera_color_optical_frame,/home/bit/ffs+fp+sam/fp/stereo_tracker_fast_outputs/visualizations/000075.png,0.03945143,0.00035151,0.51139700,0.00103129,-0.66260421,0.00797260,0.74892658,-4.23189116,-82.97846985,4.96284628,0.06171662,0.11967710,-0.10892861,0.12178391,-0.01330842,-0.99246728,0.03945143,0.01057514,0.99987042,-0.01211011,0.00035151,0.99249971,-0.00902067,0.12190909,0.51139700,-0.00000000,-0.00000000,-0.00000000,1.00000000
76,track,1784510362,934119890,camera_color_optical_frame,/home/bit/ffs+fp+sam/fp/stereo_tracker_fast_outputs/visualizations/000076.png,0.03940536,0.00061376,0.51162332,0.00040460,-0.66423768,0.00547373,0.74750131,-3.24533272,-83.23686981,3.72248769,-0.24449059,-0.24848850,-0.16484633,0.11751642,-0.00872071,-0.99303252,0.03940536,0.00764576,0.99993950,-0.00787661,0.00061376,0.99304092,-0.00666685,0.11757622,0.51162332,-0.00000000,-0.00000000,-0.00000000,1.00000000
77,track,1784510363,803076,camera_color_optical_frame,/home/bit/ffs+fp+sam/fp/stereo_tracker_fast_outputs/visualizations/000077.png,0.04021747,0.00115183,0.51185864,-0.00162172,-0.66244590,0.00694257,0.74907583,-5.42998838,-82.94184113,5.86196184,-0.06005056,0.27480337,0.27884063,0.12223416,-0.00825239,-0.99246681,0.04021747,0.01254966,0.99989814,-0.00676859,0.00115183,0.99242133,-0.01162777,0.12232551,0.51185864,-0.00000000,-0.00000000,-0.00000000,1.00000000
78,track,1784510363,67467302,camera_color_optical_frame,/home/bit/ffs+fp+sam/fp/stereo_tracker_fast_outputs/visualizations/000078.png,0.04052007,0.00084816,0.51177657,0.00056335,-0.66197771,0.00807837,0.74947983,-4.55796194,-82.87916565,5.25955868,0.27418384,0.06905972,-0.06844430,0.12344023,-0.01285496,-0.99226856,0.04052007,0.01136333,0.99986851,-0.01153986,0.00084816,0.99228626,-0.00985099,0.12357033,0.51177657,-0.00000000,-0.00000000,-0.00000000,1.00000000
79,track,1784510363,134212371,camera_color_optical_frame,/home/bit/ffs+fp+sam/fp/stereo_tracker_fast_outputs/visualizations/000079.png,0.04051701,0.00058316,0.51123369,0.00076176,-0.65970045,0.00575300,0.75150627,-2.84746981,-82.54489136,3.37647748,-0.15804286,0.34865355,-0.21726803,0.12952399,-0.00965187,-0.99152917,0.04051701,0.00764178,0.99993229,-0.00873547,0.00058316,0.99154603,-0.00644560,0.12958926,0.51123369,-0.00000000,-0.00000000,-0.00000000,1.00000000
80,track,1784510363,200881449,camera_color_optical_frame,/home/bit/ffs+fp+sam/fp/stereo_tracker_fast_outputs/visualizations/000080.png,0.04020341,0.00046457,0.51149380,0.00055328,-0.66131222,0.00741814,0.75007385,-4.09889317,-82.78154755,4.74609089,0.10663951,-0.24695347,0.16001159,0.12522186,-0.01186006,-0.99205774,0.04020341,0.01039653,0.99988902,-0.01064143,0.00046457,0.99207354,-0.00898144,0.12533155,0.51149380,-0.00000000,-0.00000000,-0.00000000,1.00000000
81,track,1784510363,250878763,camera_color_optical_frame,/home/bit/ffs+fp+sam/fp/stereo_tracker_fast_outputs/visualizations/000081.png,0.04005945,0.00083135,0.51136911,-0.00173328,-0.66207933,0.00638387,0.74940455,-5.12179661,-82.88912201,5.49935627,-0.27561036,-0.11458224,0.08527215,0.12322003,-0.00727304,-0.99235260,0.04005945,0.01186334,0.99991220,-0.00585542,0.00083135,0.99230766,-0.01105113,0.12329576,0.51136911,-0.00000000,-0.00000000,-0.00000000,1.00000000
82,track,1784510363,300889129,camera_color_optical_frame,/home/bit/ffs+fp+sam/fp/stereo_tracker_fast_outputs/visualizations/000082.png,0.03939246,0.00124749,0.51153654,-0.00009104,-0.66182208,0.00822049,0.74961591,-5.07815218,-82.84976959,5.73816538,0.28060856,0.03646730,0.03311292,0.12384754,-0.01220389,-0.99222612,0.03939246,0.01244495,0.99986458,-0.01074453,0.00124749,0.99222243,-0.01101753,0.12398291,0.51153654,-0.00000000,-0.00000000,-0.00000000,1.00000000
83,track,1784510363,384218913,camera_color_optical_frame,/home/bit/ffs+fp+sam/fp/stereo_tracker_fast_outputs/visualizations/000083.png,0.03967458,0.00080048,0.51146573,-0.00171327,-0.66384697,0.00605407,0.74784201,-5.10717392,-83.16094208,5.45954132,-0.30541602,-0.30709583,-0.06059869,0.11854060,-0.00678025,-0.99292594,0.03967458,0.01132969,0.99992061,-0.00547547,0.00080048,0.99288374,-0.01060047,0.11860825,0.51146573,-0.00000000,-0.00000000,-0.00000000,1.00000000
84,track,1784510363,450876590,camera_color_optical_frame,/home/bit/ffs+fp+sam/fp/stereo_tracker_fast_outputs/visualizations/000084.png,0.03987080,0.00057460,0.51167214,0.00133113,-0.66217220,0.00556122,0.74932992,-2.49883533,-82.92495728,3.05838799,0.22424392,0.25523052,-0.27403179,0.12299371,-0.01009722,-0.99235594,0.03987080,0.00657152,0.99993443,-0.00935990,0.00057460,0.99238485,-0.00537007,0.12305225,0.51167214,-0.00000000,-0.00000000,-0.00000000,1.00000000
85,track,1784510363,500925680,camera_color_optical_frame,/home/bit/ffs+fp+sam/fp/stereo_tracker_fast_outputs/visualizations/000085.png,0.03937259,0.00124612,0.51152962,-0.00176767,-0.66197383,0.00963246,0.74946302,-7.10476732,-82.84633636,7.74329853,0.04309262,0.02949494,0.58461970,0.12339526,-0.01209800,-0.99228364,0.03937259,0.01677866,0.99980807,-0.01010329,0.00124612,0.99221492,-0.01540250,0.12357480,0.51152962,-0.00000000,-0.00000000,-0.00000000,1.00000000
86,track,1784510363,567599977,camera_color_optical_frame,/home/bit/ffs+fp+sam/fp/stereo_tracker_fast_outputs/visualizations/000086.png,0.03860999,-0.00007521,0.51172125,0.00158681,-0.66434294,0.00625189,0.74740010,-2.89665627,-83.25553131,3.53292632,0.03033479,-0.36284104,-0.54309231,0.11721820,-0.01145366,-0.99303997,0.03860999,0.00723699,0.99991667,-0.01067880,-0.00007521,0.99307895,-0.00593487,0.11729153,0.51172125,-0.00000000,-0.00000000,-0.00000000,1.00000000
87,track,1784510363,634322090,camera_color_optical_frame,/home/bit/ffs+fp+sam/fp/stereo_tracker_fast_outputs/visualizations/000087.png,0.03921702,0.00122388,0.51158005,-0.00498664,-0.66438067,0.00860773,0.74732822,-9.16060162,-83.18522644,9.45455074,-0.38367647,-0.00121279,0.70226520,0.11704811,-0.00623950,-0.99310648,0.03921702,0.01949170,0.99980193,-0.00398436,0.00122388,0.99293423,-0.01889098,0.11714675,0.51158005,-0.00000000,-0.00000000,-0.00000000,1.00000000
88,track,1784510363,700962109,camera_color_optical_frame,/home/bit/ffs+fp+sam/fp/stereo_tracker_fast_outputs/visualizations/000088.png,0.03975007,0.00072567,0.51177162,-0.00014085,-0.66294980,0.00719895,0.74862921,-4.60988474,-83.02782440,5.18286419,0.30894500,0.21892463,-0.48944518,0.12089100,-0.01059189,-0.99260902,0.03975007,0.01096549,0.99989617,-0.00933425,0.00072567,0.99260449,-0.00975602,0.12099480,0.51177162,-0.00000000,-0.00000000,-0.00000000,1.00000000
89,track,1784510363,767574925,camera_color_optical_frame,/home/bit/ffs+fp+sam/fp/stereo_tracker_fast_outputs/visualizations/000089.png,0.04038033,0.00089661,0.51125473,-0.00009637,-0.66129154,0.00740834,0.75009239,-4.53388453,-82.77419281,5.12755346,0.02113786,0.25336152,0.01345120,0.12527676,-0.01098637,-0.99206072,0.04038033,0.01124138,0.99989009,-0.00965362,0.00089661,0.99205744,-0.00994276,0.12538669,0.51125473,-0.00000000,-0.00000000,-0.00000000,1.00000000
90,track,1784510363,834295336,camera_color_optical_frame,/home/bit/ffs+fp+sam/fp/stereo_tracker_fast_outputs/visualizations/000090.png,0.04015995,0.00043087,0.51138693,0.00038837,-0.66134304,0.00700953,0.75005072,-3.96836686,-82.78742218,4.56900597,0.01139961,-0.00799091,-0.07097746,0.12515204,-0.01102865,-0.99207604,0.04015995,0.01000136,0.99990135,-0.00985406,0.00043087,0.99208653,-0.00868886,0.12525019,0.51138693,-0.00000000,-0.00000000,-0.00000000,1.00000000
91,track,1784510363,900952081,camera_color_optical_frame,/home/bit/ffs+fp+sam/fp/stereo_tracker_fast_outputs/visualizations/000091.png,0.04035863,0.00081202,0.51164490,-0.00094706,-0.66228616,0.00555026,0.74922991,-4.08696795,-82.93098450,4.46067286,-0.22606859,-0.14231457,-0.02323555,0.12269208,-0.00706234,-0.99241936,0.04035863,0.00957134,0.99993658,-0.00593264,0.00081202,0.99239802,-0.00877092,0.12275209,0.51164490,-0.00000000,-0.00000000,-0.00000000,1.00000000
92,track,1784510363,950921006,camera_color_optical_frame,/home/bit/ffs+fp+sam/fp/stereo_tracker_fast_outputs/visualizations/000092.png,0.03998573,0.00108741,0.51148844,-0.00185436,-0.66130847,0.00886989,0.75005931,-6.60521412,-82.75154114,7.17481089,0.17519672,0.14655188,0.35366976,0.12518431,-0.01085323,-0.99207389,0.03998573,0.01575854,0.99983579,-0.00894978,0.00108741,0.99200773,-0.01451331,0.12533496,0.51148844,-0.00000000,-0.00000000,-0.00000000,1.00000000
93,track,1784510364,1060577,camera_color_optical_frame,/home/bit/ffs+fp+sam/fp/stereo_tracker_fast_outputs/visualizations/000093.png,0.04000976,-0.00009882,0.51146704,0.00001542,-0.66264409,0.00492985,0.74891824,-3.05953526,-82.99366760,3.46098185,-0.13862941,-0.20292433,-0.47922331,0.12175643,-0.00740450,-0.99253207,0.04000976,0.00736372,0.99995142,-0.00655665,-0.00009882,0.99253201,-0.00651046,0.12180518,0.51146704,-0.00000000,-0.00000000,-0.00000000,1.00000000
94,track,1784510364,67585857,camera_color_optical_frame,/home/bit/ffs+fp+sam/fp/stereo_tracker_fast_outputs/visualizations/000094.png,0.04024450,0.00033436,0.51161599,0.00054755,-0.66196764,0.00701447,0.74949938,-3.91848302,-82.88356781,4.53238916,0.20445588,0.10162999,0.13834570,0.12349865,-0.01123956,-0.99228078,0.04024450,0.00978980,0.99990100,-0.01010757,0.00033436,0.99229586,-0.00846603,0.12359662,0.51161599,-0.00000000,-0.00000000,-0.00000000,1.00000000
95,track,1784510364,117675900,camera_color_optical_frame,/home/bit/ffs+fp+sam/fp/stereo_tracker_fast_outputs/visualizations/000095.png,0.03983463,0.00012040,0.51162195,0.00187211,-0.66037923,0.00584742,0.75090724,-2.20103002,-82.65258026,2.82780957,0.02598732,0.24212568,-0.20188905,0.12772976,-0.01125430,-0.99174488,0.03983463,0.00630917,0.99992460,-0.01053468,0.00012040,0.99178833,-0.00491155,0.12779130,0.51162195,-0.00000000,-0.00000000,-0.00000000,1.00000000
96,track,1784510364,184226855,camera_color_optical_frame,/home/bit/ffs+fp+sam/fp/stereo_tracker_fast_outputs/visualizations/000096.png,0.04000984,0.00054679,0.51136506,-0.00140190,-0.66211241,0.00597862,0.74937946,-4.64849234,-82.89911652,5.02003479,-0.27323189,-0.26190487,0.26106635,0.12314259,-0.00710404,-0.99236333,0.04000984,0.01081697,0.99992454,-0.00581602,0.00054679,0.99232942,-0.01001823,0.12321032,0.51136506,-0.00000000,-0.00000000,-0.00000000,1.00000000
97,track,1784510364,250890976,camera_color_optical_frame,/home/bit/ffs+fp+sam/fp/stereo_tracker_fast_outputs/visualizations/000097.png,0.03973353,0.00042300,0.51183593,-0.00185838,-0.66351712,0.00779597,0.74811816,-6.26928091,-83.09626007,6.75124979,0.09715398,-0.21647593,0.19114853,0.11936809,-0.00919844,-0.99280721,0.03973353,0.01413078,0.99987155,-0.00756504,0.00042300,0.99274892,-0.01312620,0.11948290,0.51183593,-0.00000000,-0.00000000,-0.00000000,1.00000000
98,track,1784510364,300955861,camera_color_optical_frame,/home/bit/ffs+fp+sam/fp/stereo_tracker_fast_outputs/visualizations/000098.png,0.04030449,0.00048016,0.51133257,0.00067842,-0.66261500,0.00587628,0.74893689,-3.17989874,-82.98845673,3.71199059,0.07205598,0.13793726,-0.35790947,0.12181313,-0.00970096,-0.99250543,0.04030449,0.00790290,0.99993002,-0.00880371,0.00048016,0.99252099,-0.00677134,0.12188143,0.51133257,-0.00000000,-0.00000000,-0.00000000,1.00000000
99,track,1784510364,367551076,camera_color_optical_frame,/home/bit/ffs+fp+sam/fp/stereo_tracker_fast_outputs/visualizations/000099.png,0.04012843,0.00086253,0.51143497,-0.00021361,-0.66159731,0.00853072,0.74981081,-5.32349348,-82.81247711,5.99872732,0.12600310,0.15417482,0.29504046,0.12443192,-0.01251017,-0.99214894,0.04012843,0.01307553,0.99985439,-0.01096757,0.00086253,0.99214143,-0.01160823,0.12457756,0.51143497,-0.00000000,-0.00000000,-0.00000000,1.00000000
100,track,1784510364,434218866,camera_color_optical_frame,/home/bit/ffs+fp+sam/fp/stereo_tracker_fast_outputs/visualizations/000100.png,0.04001229,0.00003436,0.51160610,0.00133693,-0.66265708,0.00457962,0.74890774,-1.91297889,-83.00197601,2.39326859,-0.16674715,-0.16160394,-0.45595077,0.12172882,-0.00863123,-0.99252552,0.04001229,0.00508762,0.99995446,-0.00807199,0.00003436,0.99254984,-0.00406705,0.12176738,0.51160610,-0.00000000,-0.00000000,-0.00000000,1.00000000
101,track,1784510364,500975805,camera_color_optical_frame,/home/bit/ffs+fp+sam/fp/stereo_tracker_fast_outputs/visualizations/000101.png,0.03966934,0.00043568,0.51130289,0.00090342,-0.66155231,0.00620478,0.74987280,-3.14650393,-82.82598877,3.72359037,0.08688035,0.16841578,0.17183708,0.12461947,-0.01050087,-0.99214870,0.03966934,0.00811031,0.99992144,-0.00956456,0.00043568,0.99217105,-0.00685475,0.12469503,0.51130289,-0.00000000,-0.00000000,-0.00000000,1.00000000
102,track,1784510364,550918108,camera_color_optical_frame,/home/bit/ffs+fp+sam/fp/stereo_tracker_fast_outputs/visualizations/000102.png,0.03990576,-0.00007552,0.51158315,0.00198380,-0.66215360,0.00403133,0.74935466,-1.10096943,-82.92781067,1.58927393,-0.07209563,-0.09210906,-0.26817831,0.12307228,-0.00866892,-0.99235946,0.03990576,0.00341466,0.99995971,-0.00831196,-0.00007552,0.99239141,-0.00236567,0.12309710,0.51158315,-0.00000000,-0.00000000,-0.00000000,1.00000000
103,track,1784510364,617581029,camera_color_optical_frame,/home/bit/ffs+fp+sam/fp/stereo_tracker_fast_outputs/visualizations/000103.png,0.04002986,0.00052363,0.51135147,0.00098945,-0.66237998,0.00497091,0.74915093,-2.38526964,-82.95728302,2.86912656,-0.01420596,-0.03421800,0.15627810,0.12245569,-0.00875866,-0.99243498,0.04002986,0.00613719,0.99994874,-0.00806786,0.00052363,0.99245465,-0.00510286,0.12250334,0.51135147,-0.00000000,-0.00000000,-0.00000000,1.00000000
104,track,1784510364,684223476,camera_color_optical_frame,/home/bit/ffs+fp+sam/fp/stereo_tracker_fast_outputs/visualizations/000104.png,0.03993633,0.00110980,0.51179236,-0.00124810,-0.66258121,0.00710930,0.74895525,-5.28876591,-82.96415710,5.76457834,-0.02997106,-0.03052243,0.35355070,0.12187080,-0.00899511,-0.99250484,0.03993633,0.01230307,0.99989587,-0.00755152,0.00110980,0.99246943,-0.01129060,0.12196898,0.51179236,-0.00000000,-0.00000000,-0.00000000,1.00000000
105,track,1784510364,750948866,camera_color_optical_frame,/home/bit/ffs+fp+sam/fp/stereo_tracker_fast_outputs/visualizations/000105.png,0.03957077,0.00077992,0.51154345,0.00018354,-0.66348785,0.00725210,0.74815190,-4.47078657,-83.11180878,5.07436132,0.13296664,-0.13989787,-0.09608226,0.11946218,-0.01109485,-0.99277639,0.03957077,0.01060784,0.99989480,-0.00989808,0.00077992,0.99278182,-0.00934883,0.11956751,0.51154345,-0.00000000,-0.00000000,-0.00000000,1.00000000
106,track,1784510364,800890325,camera_color_optical_frame,/home/bit/ffs+fp+sam/fp/stereo_tracker_fast_outputs/visualizations/000106.png,0.03984830,-0.00004961,0.51172060,0.00200008,-0.66117823,0.00348149,0.75021815,-0.73069203,-82.77947235,1.17571938,-0.13050611,0.35298237,-0.46354777,0.12566215,-0.00786853,-0.99204147,0.03984830,0.00257897,0.99996775,-0.00760485,-0.00004961,0.99206948,-0.00160286,0.12567860,0.51172060,-0.00000000,-0.00000000,-0.00000000,1.00000000
107,track,1784510364,867643438,camera_color_optical_frame,/home/bit/ffs+fp+sam/fp/stereo_tracker_fast_outputs/visualizations/000107.png,0.03983974,-0.00015369,0.51234198,0.00205307,-0.66059011,0.00317285,0.75073725,-0.49955556,-82.69001770,0.92384619,-0.01874564,0.08978035,-0.03090746,0.12722094,-0.00747638,-0.99184585,0.03983974,0.00205151,0.99997139,-0.00727461,-0.00015369,0.99187207,-0.00110936,0.12723283,0.51234198,-0.00000000,-0.00000000,-0.00000000,1.00000000
108,track,1784510364,934221994,camera_color_optical_frame,/home/bit/ffs+fp+sam/fp/stereo_tracker_fast_outputs/visualizations/000108.png,0.03916119,0.00024030,0.51359302,-0.00202555,-0.65733302,0.00355573,0.75358915,-3.25640488,-82.18137360,3.38066649,-0.31991938,0.49859491,0.33849016,0.13580100,-0.00269615,-0.99073207,0.03916119,0.00802208,0.99996644,-0.00162181,0.00024030,0.99070346,-0.00772755,0.13581827,0.51359302,-0.00000000,-0.00000000,-0.00000000,1.00000000
109,track,1784510365,881227,camera_color_optical_frame,/home/bit/ffs+fp+sam/fp/stereo_tracker_fast_outputs/visualizations/000109.png,0.04019949,0.00103590,0.50861514,0.00344101,-0.63765484,0.00438903,0.77030200,-0.09087545,-79.23572540,0.72812933,0.53843391,2.95767784,-0.32827020,0.18675365,-0.01115006,-0.98234296,0.04019949,0.00237344,0.99993771,-0.01089868,0.00103590,0.98240381,-0.00029623,0.18676868,0.50861514,-0.00000000,-0.00000000,-0.00000000,1.00000000
110,track,1784510365,50914288,camera_color_optical_frame,/home/bit/ffs+fp+sam/fp/stereo_tracker_fast_outputs/visualizations/000110.png,0.03966063,0.00192412,0.51298964,-0.00158043,-0.63757181,0.00884603,0.77033854,-4.19470072,-79.19300842,4.78604317,-0.11745314,0.01504520,0.76027298,0.18684749,-0.01161357,-0.98231977,0.03966063,0.01564419,0.99983841,-0.00884512,0.00192412,0.98226440,-0.01371498,0.18699922,0.51298964,-0.00000000,-0.00000000,-0.00000000,1.00000000
111,track,1784510365,117556677,camera_color_optical_frame,/home/bit/ffs+fp+sam/fp/stereo_tracker_fast_outputs/visualizations/000111.png,0.04065705,-0.00093922,0.51334065,0.00614301,-0.61536872,-0.00197551,0.78821301,2.85931778,-75.94404602,-2.51908875,-0.12690318,3.25902700,-1.53791833,0.24263462,-0.00444616,-0.97010702,0.04065705,-0.01067465,0.99991667,-0.00725276,-0.00093922,0.97005910,0.01211525,0.24256714,0.51334065,-0.00000000,-0.00000000,-0.00000000,1.00000000
112,track,1784510365,167553305,camera_color_optical_frame,/home/bit/ffs+fp+sam/fp/stereo_tracker_fast_outputs/visualizations/000112.png,0.03930134,0.00038287,0.51418877,-0.00124435,-0.60641825,0.00122307,0.79514396,-0.74993575,-74.66078186,0.74818438,-0.43956357,1.30087674,0.80017143,0.26451066,-0.00043582,-0.96438205,0.03930134,0.00345425,0.99999386,0.00049540,0.00038287,0.96437669,-0.00346234,0.26451072,0.51418877,-0.00000000,-0.00000000,-0.00000000,1.00000000
113,track,1784510365,234221300,camera_color_optical_frame,/home/bit/ffs+fp+sam/fp/stereo_tracker_fast_outputs/visualizations/000113.png,0.03693590,0.00077961,0.51537651,-0.00483753,-0.59093350,0.00024509,0.80670577,-1.53766215,-72.44285583,1.16111922,-0.38865083,2.21564388,0.15368108,0.30159482,0.00532191,-0.95342082,0.03693590,0.00611276,0.99995297,0.00751518,0.00077961,0.95341671,-0.00809468,0.30154833,0.51537651,-0.00000000,-0.00000000,-0.00000000,1.00000000
114,track,1784510365,284249382,camera_color_optical_frame,/home/bit/ffs+fp+sam/fp/stereo_tracker_fast_outputs/visualizations/000114.png,0.03527010,-0.00034167,0.51467657,-0.00226899,-0.57850796,-0.00357463,0.81566578,0.07526492,-70.69196320,-0.55558103,-0.02389762,1.75737703,-0.52082914,0.33063132,0.00845669,-0.94372159,0.03527010,-0.00320614,0.99996412,0.00783730,-0.00034167,0.94375473,0.00043434,0.33064678,0.51467657,-0.00000000,-0.00000000,-0.00000000,1.00000000
115,track,1784510365,350911404,camera_color_optical_frame,/home/bit/ffs+fp+sam/fp/stereo_tracker_fast_outputs/visualizations/000115.png,0.03617116,0.00219768,0.51309270,-0.00677010,-0.55926704,-0.00481555,0.82894599,-0.89343232,-68.01311493,-0.06290606,-0.50331676,2.67831659,0.18112965,0.37439427,0.01555625,-0.92713851,0.03617116,-0.00041105,0.99986190,0.01661035,0.00219768,0.92726970,-0.00583782,0.37434915,0.51309270,-0.00000000,-0.00000000,-0.00000000,1.00000000
116,track,1784510365,417552804,camera_color_optical_frame,/home/bit/ffs+fp+sam/fp/stereo_tracker_fast_outputs/visualizations/000116.png,0.03717752,0.00131756,0.51303965,-0.00629644,-0.55008870,-0.00695848,0.83505356,-0.41516885,-66.75051117,-0.68137670,-0.09516022,1.26500559,-0.22449036,0.39470786,0.01854862,-0.91861880,0.03717752,-0.00469419,0.99982375,0.01817120,0.00131756,0.91879493,-0.00286026,0.39472559,0.51303965,-0.00000000,-0.00000000,-0.00000000,1.00000000
117,track,1784510365,467642930,camera_color_optical_frame,/home/bit/ffs+fp+sam/fp/stereo_tracker_fast_outputs/visualizations/000117.png,0.03798903,0.00271438,0.51276916,-0.00770748,-0.53908926,0.00082639,0.84221303,-1.89806044,-65.23634338,1.32720721,0.36324671,1.49445379,0.85234302,0.41876402,0.00691805,-0.90806800,0.03798903,0.00970204,0.99987966,0.01209159,0.00271438,0.90804350,-0.01387376,0.41864672,0.51276916,-0.00000000,-0.00000000,-0.00000000,1.00000000
118,track,1784510365,534220135,camera_color_optical_frame,/home/bit/ffs+fp+sam/fp/stereo_tracker_fast_outputs/visualizations/000118.png,0.03845912,0.00258104,0.51144379,-0.00793370,-0.52151495,0.00272317,0.85320097,-2.05741978,-62.85704422,1.62307942,0.11115610,2.37316227,0.21385759,0.45602927,0.00362826,-0.88995659,0.03845912,0.01292189,0.99985909,0.01069765,0.00258104,0.88987124,-0.01637850,0.45591837,0.51144379,-0.00000000,-0.00000000,-0.00000000,1.00000000
119,track,1784510365,600893442,camera_color_optical_frame,/home/bit/ffs+fp+sam/fp/stereo_tracker_fast_outputs/visualizations/000119.png,0.03875927,0.00288929,0.50705099,-0.00644533,-0.50035775,0.00561519,0.86577660,-1.92516565,-60.03420639,1.85552394,0.34182888,2.81658983,0.21757872,0.49922103,-0.00327306,-0.86646765,0.03875927,0.01617293,0.99985367,0.00554115,0.00288929,0.86632401,-0.01677971,0.49920115,0.50705099,-0.00000000,-0.00000000,-0.00000000,1.00000000
120,track,1784510365,650927021,camera_color_optical_frame,/home/bit/ffs+fp+sam/fp/stereo_tracker_fast_outputs/visualizations/000120.png,0.04021111,0.00311547,0.51176167,-0.00918152,-0.49205843,0.00843920,0.87047291,-2.69725466,-58.92498016,2.63481498,-0.09655451,1.09268081,0.43925992,0.51561445,-0.00565649,-0.85680121,0.04021111,0.02372788,0.99968874,0.00767930,0.00311547,0.85649246,-0.02428977,0.51558834,0.51176167,-0.00000000,-0.00000000,-0.00000000,1.00000000
121,track,1784510365,700929444,camera_color_optical_frame,/home/bit/ffs+fp+sam/fp/stereo_tracker_fast_outputs/visualizations/000121.png,0.04096607,0.00232896,0.51081324,-0.00391823,-0.46447468,0.00707310,0.88554949,-1.36136758,-55.34344101,1.62914765,0.47806719,3.60018539,-0.40379101,0.56842637,-0.00888733,-0.82268530,0.04096607,0.01616699,0.99986905,0.00036894,0.00232896,0.82257569,-0.01351020,0.56849569,0.51081324,-0.00000000,-0.00000000,-0.00000000,1.00000000
122,track,1784510365,767556955,camera_color_optical_frame,/home/bit/ffs+fp+sam/fp/stereo_tracker_fast_outputs/visualizations/000122.png,0.04156668,0.00279095,0.50876081,-0.00610291,-0.45655289,0.00716015,0.88964659,-1.70908892,-54.31675720,1.79907465,-0.20771243,1.02387869,0.12349365,0.58301640,-0.00716742,-0.81242800,0.04156668,0.01831260,0.99982274,0.00432081,0.00279095,0.81225443,-0.01739692,0.58304435,0.50876081,-0.00000000,-0.00000000,-0.00000000,1.00000000
123,track,1784510365,817598398,camera_color_optical_frame,/home/bit/ffs+fp+sam/fp/stereo_tracker_fast_outputs/visualizations/000123.png,0.04153428,0.00284873,0.50856489,-0.00590043,-0.45789003,0.00462005,0.88897729,-1.45247459,-54.49385834,1.34353030,-0.11342068,-0.17002404,-0.26977012,0.58063072,-0.00281076,-0.81416142,0.04153428,0.01361772,0.99988741,0.00625966,0.00284873,0.81405354,-0.01472173,0.58060372,0.50856489,-0.00000000,-0.00000000,-0.00000000,1.00000000
124,track,1784510365,884226920,camera_color_optical_frame,/home/bit/ffs+fp+sam/fp/stereo_tracker_fast_outputs/visualizations/000124.png,0.04135834,0.00307812,0.50850666,-0.00789487,-0.45716479,0.00737130,0.88931650,-2.04547310,-54.39127350,2.00090528,-0.05790122,0.09103104,0.38517579,0.58189201,-0.00589233,-0.81324399,0.04135834,0.02032932,0.99976641,0.00730220,0.00307812,0.81301230,-0.02078194,0.58187592,0.50850666,-0.00000000,-0.00000000,-0.00000000,1.00000000
125,track,1784510365,934233011,camera_color_optical_frame,/home/bit/ffs+fp+sam/fp/stereo_tracker_fast_outputs/visualizations/000125.png,0.04136996,0.00321322,0.50914609,-0.00878988,-0.45939183,0.00726367,0.88816059,-2.20911169,-54.67643738,2.07931995,-0.09987006,-0.28665721,0.03512563,0.57781273,-0.00482660,-0.81615430,0.04136996,0.02097860,0.99973965,0.00893982,0.00321322,0.81590015,-0.02228746,0.57776368,0.50914609,-0.00000000,-0.00000000,-0.00000000,1.00000000
126,track,1784510366,886200,camera_color_optical_frame,/home/bit/ffs+fp+sam/fp/stereo_tracker_fast_outputs/visualizations/000126.png,0.04095519,0.00287175,0.50859016,-0.00505962,-0.45983389,0.00625050,0.88796860,-1.46262610,-54.74319839,1.56386602,0.32589424,-0.05637636,-0.29993767,0.57702726,-0.00644732,-0.81669855,0.04095519,0.01575365,0.99987036,0.00323710,0.00287175,0.81657326,-0.01473403,0.57705414,0.50859016,-0.00000000,-0.00000000,-0.00000000,1.00000000
127,track,1784510366,51020484,camera_color_optical_frame,/home/bit/ffs+fp+sam/fp/stereo_tracker_fast_outputs/visualizations/000127.png,0.04089620,0.00341122,0.50930524,-0.00782834,-0.45909014,0.00898897,0.88830972,-2.19442129,-54.63563538,2.29311800,-0.13635698,0.09452470,0.42461163,0.57831073,-0.00878215,-0.81576848,0.04089620,0.02315778,0.99971557,0.00565439,0.00341122,0.81548816,-0.02216156,0.57834965,0.50930524,-0.00000000,-0.00000000,-0.00000000,1.00000000
128,track,1784510366,117569957,camera_color_optical_frame,/home/bit/ffs+fp+sam/fp/stereo_tracker_fast_outputs/visualizations/000128.png,0.04079656,0.00371183,0.50967801,-0.00844849,-0.45866275,0.00799138,0.88853437,-2.20958567,-54.58146286,2.17069340,-0.11500915,0.05675885,-0.06883232,0.57912916,-0.00645122,-0.81520945,0.04079656,0.02195125,0.99972922,0.00768274,0.00371183,0.81494051,-0.02234434,0.57911396,0.50967801,-0.00000000,-0.00000000,-0.00000000,1.00000000
129,track,1784510366,184235143,camera_color_optical_frame,/home/bit/ffs+fp+sam/fp/stereo_tracker_fast_outputs/visualizations/000129.png,0.04097551,0.00375951,0.51073754,-0.00624793,-0.45235395,0.00929797,0.89176822,-1.89620018,-53.77220535,2.15621710,0.30179703,0.80895483,0.02264721,0.59057879,-0.01093071,-0.80690503,0.04097551,0.02223580,0.99974871,0.00273136,0.00375951,0.80667388,-0.01955544,0.59067351,0.51073754,-0.00000000,-0.00000000,-0.00000000,1.00000000
130,track,1784510366,250912756,camera_color_optical_frame,/home/bit/ffs+fp+sam/fp/stereo_tracker_fast_outputs/visualizations/000130.png,0.04153699,0.00332785,0.51149708,-0.00784334,-0.42867744,0.00887018,0.90338004,-1.97230208,-50.74870300,2.06062722,-0.15068543,3.02376747,0.03959716,0.63231391,-0.00930176,-0.77465558,0.04153699,0.02275081,0.99971926,0.00656604,0.00332785,0.77437848,-0.02177602,0.63234788,0.51149708,-0.00000000,-0.00000000,-0.00000000,1.00000000
131,track,1784510366,300885910,camera_color_optical_frame,/home/bit/ffs+fp+sam/fp/stereo_tracker_fast_outputs/visualizations/000131.png,0.03971936,0.00262883,0.51172352,-0.00620986,-0.39738163,0.00636250,0.91761041,-1.37775373,-46.81972122,1.39104605,0.07942595,3.94034290,-0.32363835,0.68409473,-0.00674122,-0.72936124,0.03971936,0.01661194,0.99984157,0.00633968,0.00262883,0.72920448,-0.01645323,0.68409818,0.51172352,-0.00000000,-0.00000000,-0.00000000,1.00000000
132,track,1784510366,367551883,camera_color_optical_frame,/home/bit/ffs+fp+sam/fp/stereo_tracker_fast_outputs/visualizations/000132.png,0.03779193,0.00298132,0.51077789,-0.00625583,-0.35241789,0.00673013,0.93579763,-1.25409937,-41.26172638,1.29628086,0.06072354,5.55802107,0.06249933,0.75151271,-0.00818675,-0.65966713,0.03779193,0.01700540,0.99983078,0.00696466,0.00298132,0.65949988,-0.01645212,0.75152451,0.51077789,-0.00000000,-0.00000000,-0.00000000,1.00000000
133,track,1784510366,434209486,camera_color_optical_frame,/home/bit/ffs+fp+sam/fp/stereo_tracker_fast_outputs/visualizations/000133.png,0.03265576,0.00202845,0.51054502,0.00123120,-0.30358079,0.00733581,0.95277667,-0.14807323,-35.34565735,0.92944455,0.86950356,5.92056322,-0.17082554,0.81556988,-0.01472634,-0.57847071,0.03265576,0.01323123,0.99988896,-0.00680023,0.00202845,0.57850796,-0.00210800,0.81567383,0.51054502,-0.00000000,-0.00000000,-0.00000000,1.00000000
134,track,1784510366,500893246,camera_color_optical_frame,/home/bit/ffs+fp+sam/fp/stereo_tracker_fast_outputs/visualizations/000134.png,0.02667600,0.00152627,0.51204151,0.00241854,-0.24783082,0.00396755,0.96879220,0.17763685,-28.69928741,0.42384487,0.03222895,6.64632082,-0.42923963,0.87712854,-0.00888627,-0.48017329,0.02667600,0.00648867,0.99995637,-0.00665278,0.00152627,0.48021278,0.00271947,0.87714756,0.51204151,-0.00000000,-0.00000000,-0.00000000,1.00000000
135,track,1784510366,617602850,camera_color_optical_frame,/home/bit/ffs+fp+sam/fp/stereo_tracker_fast_outputs/visualizations/000135.png,0.02097896,0.00002002,0.51176769,0.00869562,-0.14477231,0.00547804,0.98941165,0.93423373,-16.65297890,0.49771163,0.78885818,12.04640484,0.03444785,0.95802236,-0.01335787,-0.28638300,0.02097896,0.00832227,0.99978828,-0.01879332,0.00002002,0.28657451,0.01562087,0.95793009,0.51176769,-0.00000000,-0.00000000,-0.00000000,1.00000000
136,track,1784510366,684216289,camera_color_optical_frame,/home/bit/ffs+fp+sam/fp/stereo_tracker_fast_outputs/visualizations/000136.png,0.02008462,0.00158006,0.50086880,0.00687888,-0.11701742,0.00233686,0.99310327,0.77267361,-13.44154549,0.17858726,-0.25461686,3.20564914,-0.36324582,0.97260338,-0.00625142,-0.23238817,0.02008462,0.00303155,0.99989396,-0.01420988,0.00158006,0.23245333,0.01311589,0.97251862,0.50086880,-0.00000000,-0.00000000,-0.00000000,1.00000000
137,track,1784510366,750926775,camera_color_optical_frame,/home/bit/ffs+fp+sam/fp/stereo_tracker_fast_outputs/visualizations/000137.png,0.02269366,0.00051028,0.50779486,0.00574981,-0.07256304,0.00659269,0.99732548,0.60872155,-8.32651138,0.71316910,-0.04226563,5.12111473,0.46185547,0.98938280,-0.01398460,-0.14466169,0.02269366,0.01231563,0.99984646,-0.01242572,0.00051028,0.14481412,0.01051200,0.98940253,0.50779486,-0.00000000,-0.00000000,-0.00000000,1.00000000
138,track,1784510366,767584975,camera_color_optical_frame,/home/bit/ffs+fp+sam/fp/stereo_tracker_fast_outputs/visualizations/000138.png,0.02374510,0.00068939,0.50781763,0.00810349,-0.07235474,0.00481337,0.99733448,0.89562523,-8.30265617,0.48803243,0.25429535,0.02138701,-0.22302231,0.98948371,-0.01077376,-0.14424531,0.02374510,0.00842840,0.99982184,-0.01686041,0.00068939,0.14440213,0.01546714,0.98939776,0.50781763,-0.00000000,-0.00000000,-0.00000000,1.00000000
139,track,1784510366,817563730,camera_color_optical_frame,/home/bit/ffs+fp+sam/fp/stereo_tracker_fast_outputs/visualizations/000139.png,0.02712317,0.00015680,0.50808710,0.01068798,-0.04587035,0.00341779,0.99888438,1.21060717,-5.26208782,0.33645105,0.29179421,3.03776312,-0.19871193,0.99576896,-0.00780850,-0.09156491,0.02712317,0.00584740,0.99974769,-0.02166574,0.00015680,0.09171176,0.02103846,0.99556285,0.50808710,-0.00000000,-0.00000000,-0.00000000,1.00000000
140,track,1784510366,867645773,camera_color_optical_frame,/home/bit/ffs+fp+sam/fp/stereo_tracker_fast_outputs/visualizations/000140.png,0.02814282,-0.00000688,0.50710839,0.01239884,-0.03841797,0.00325421,0.99917954,1.40961719,-4.40775061,0.31895769,0.19726065,0.85374081,-0.03549450,0.99702740,-0.00745579,-0.07669181,0.02814282,0.00555037,0.99967092,-0.02502747,-0.00000688,0.07685394,0.02452721,0.99674010,0.50710839,-0.00000000,-0.00000000,-0.00000000,1.00000000
141,track,1784510366,934216950,camera_color_optical_frame,/home/bit/ffs+fp+sam/fp/stereo_tracker_fast_outputs/visualizations/000141.png,0.03395753,0.00041186,0.50909746,0.01052760,-0.00345582,0.00192606,0.99993676,1.20564926,-0.39832851,0.21653143,-0.21531987,4.00563240,-0.20144020,0.99996918,-0.00392467,-0.00687032,0.03395753,0.00377909,0.99977040,-0.02106727,0.00041186,0.00695209,0.02104047,0.99975389,0.50909746,-0.00000000,-0.00000000,-0.00000000,1.00000000
142,track,1784510367,878358,camera_color_optical_frame,/home/bit/ffs+fp+sam/fp/stereo_tracker_fast_outputs/visualizations/000142.png,0.03611360,0.00039952,0.51083630,0.00960762,0.02037732,0.00433274,0.99973685,1.11176395,2.33030748,0.51923406,-0.09314641,2.73435712,0.24526945,0.99913245,-0.00827166,0.04082745,0.03611360,0.00905473,0.99977732,-0.01903369,0.00039952,-0.04066035,0.01938667,0.99898428,0.51083630,-0.00000000,-0.00000000,-0.00000000,1.00000000
143,track,1784510367,67654600,camera_color_optical_frame,/home/bit/ffs+fp+sam/fp/stereo_tracker_fast_outputs/visualizations/000143.png,0.03662343,-0.00009762,0.51155818,0.01242365,0.03308171,0.00315492,0.99937046,1.43799424,3.78674531,0.40929180,0.33033532,1.45399964,-0.13798408,0.99779177,-0.00548389,0.06620044,0.03662343,0.00712784,0.99967080,-0.02462300,-0.00009762,-0.06604309,0.02504029,0.99750191,0.51155818,-0.00000000,-0.00000000,-0.00000000,1.00000000
144,track,1784510367,117573374,camera_color_optical_frame,/home/bit/ffs+fp+sam/fp/stereo_tracker_fast_outputs/visualizations/000144.png,0.03647528,0.00256338,0.51257581,0.00091432,0.03976369,0.00475169,0.99919742,0.12673597,4.55721378,0.54998004,-1.32068801,0.77372026,0.12087414,0.99679297,-0.00942304,0.07947249,0.03647528,0.00956847,0.99995261,-0.00144936,0.00256338,-0.07945458,0.00220496,0.99683541,0.51257581,-0.00000000,-0.00000000,-0.00000000,1.00000000
145,track,1784510367,184215988,camera_color_optical_frame,/home/bit/ffs+fp+sam/fp/stereo_tracker_fast_outputs/visualizations/000145.png,0.03886792,0.00125152,0.51350093,0.00798417,0.06457252,0.00358560,0.99787468,0.94743687,7.40100527,0.47303075,0.82665581,2.84358215,-0.08269750,0.99163550,-0.00612485,0.12892804,0.03886792,0.00818707,0.99984628,-0.01547142,0.00125152,-0.12881304,0.01639737,0.99153262,0.51350093,-0.00000000,-0.00000000,-0.00000000,1.00000000
146,track,1784510367,234209653,camera_color_optical_frame,/home/bit/ffs+fp+sam/fp/stereo_tracker_fast_outputs/visualizations/000146.png,0.03980474,0.00091943,0.51201886,0.01179352,0.08412313,0.00233673,0.99638283,1.38884532,9.64727402,0.38594809,0.45189771,2.24451303,-0.12306698,0.98583615,-0.00267235,0.16769297,0.03980474,0.00664076,0.99971032,-0.02310866,0.00091943,-0.16758230,0.02389477,0.98556775,0.51201886,-0.00000000,-0.00000000,-0.00000000,1.00000000
147,track,1784510367,317574580,camera_color_optical_frame,/home/bit/ffs+fp+sam/fp/stereo_tracker_fast_outputs/visualizations/000147.png,0.03962165,0.00079656,0.51181376,0.01104095,0.08665349,0.00276315,0.99617350,1.30752182,9.93800545,0.43153417,-0.08899130,0.29170048,0.03784248,0.98496753,-0.00359169,0.17270502,0.03962165,0.00741861,0.99974036,-0.02151861,0.00079656,-0.17258257,0.02247617,0.98473793,0.51181376,-0.00000000,-0.00000000,-0.00000000,1.00000000
148,track,1784510367,384215408,camera_color_optical_frame,/home/bit/ffs+fp+sam/fp/stereo_tracker_fast_outputs/visualizations/000148.png,0.03985640,0.00041511,0.51151043,0.01183505,0.08737601,0.00225567,0.99610257,1.39490914,10.02147293,0.38180074,0.09595909,0.08229863,-0.05086697,0.98472112,-0.00242556,0.17412448,0.03985640,0.00656196,0.99970913,-0.02318375,0.00041511,-0.17401733,0.02397192,0.98444998,0.51151043,-0.00000000,-0.00000000,-0.00000000,1.00000000
149,track,1784510367,450879363,camera_color_optical_frame,/home/bit/ffs+fp+sam/fp/stereo_tracker_fast_outputs/visualizations/000149.png,0.03974055,0.00023905,0.51142007,0.01300658,0.08578743,0.00170876,0.99622709,1.52421081,9.83914852,0.32775518,0.13868847,-0.18359564,-0.04879538,0.98527569,-0.00117302,0.17097214,0.03974055,0.00563624,0.99965519,-0.02562192,0.00023905,-0.17088284,0.02620810,0.98494190,0.51142007,-0.00000000,-0.00000000,-0.00000000,1.00000000
150,track,1784510367,500891609,camera_color_optical_frame,/home/bit/ffs+fp+sam/fp/stereo_tracker_fast_outputs/visualizations/000150.png,0.03977540,0.00013475,0.51189536,0.01541886,0.08418963,-0.00093699,0.99633002,1.77681434,9.65934372,0.04237563,0.30136985,-0.18713965,-0.27645352,0.98582304,0.00446333,0.16773258,0.03977540,0.00072911,0.99952209,-0.03088240,0.00013475,-0.16778998,0.03056668,0.98534793,0.51189536,-0.00000000,-0.00000000,-0.00000000,1.00000000
151,track,1784510367,567605397,camera_color_optical_frame,/home/bit/ffs+fp+sam/fp/stereo_tracker_fast_outputs/visualizations/000151.png,0.03894250,0.00055502,0.51006770,0.01272133,0.07947437,-0.00227278,0.99675316,1.45081222,9.11926937,-0.14558180,-0.29454494,-0.54555190,-0.16875422,0.98735797,0.00655285,0.15837499,0.03894250,-0.00250877,0.99966532,-0.02572140,0.00055502,-0.15849024,0.02499871,0.98704320,0.51006770,-0.00000000,-0.00000000,-0.00000000,1.00000000
152,track,1784510367,617600820,camera_color_optical_frame,/home/bit/ffs+fp+sam/fp/stereo_tracker_fast_outputs/visualizations/000152.png,0.03930821,0.00027413,0.51007998,0.01418337,0.07869300,-0.00117894,0.99679732,1.62986135,9.02787876,-0.00684931,0.15705347,-0.08790277,0.13928528,0.98761266,0.00458258,0.15684864,0.03930821,-0.00011806,0.99959415,-0.02846153,0.00027413,-0.15691511,0.02809024,0.98721164,0.51007998,-0.00000000,-0.00000000,-0.00000000,1.00000000
153,track,1784510367,667649168,camera_color_optical_frame,/home/bit/ffs+fp+sam/fp/stereo_tracker_fast_outputs/visualizations/000153.png,0.03924433,0.00110260,0.51019889,0.01035774,0.07850004,0.00083321,0.99685997,1.20561588,9.00319386,0.19070107,-0.45524588,-0.01910743,0.19573908,0.98767471,-0.00003503,0.15652454,0.03924433,0.00328735,0.99978334,-0.02051971,0.00110260,-0.15648963,0.02078117,0.98746008,0.51019889,-0.00000000,-0.00000000,-0.00000000,1.00000000
154,track,1784510367,734219863,camera_color_optical_frame,/home/bit/ffs+fp+sam/fp/stereo_tracker_fast_outputs/visualizations/000154.png,0.03966506,0.00148405,0.51012695,0.01028306,0.08054969,-0.00040507,0.99669749,1.18619430,9.24029446,0.04929072,0.00269133,0.23410086,-0.14453436,0.98702377,0.00246404,0.16055918,0.03966506,0.00084912,0.99978757,-0.02056354,0.00148405,-0.16057545,0.02043287,0.98681116,0.51012695,-0.00000000,-0.00000000,-0.00000000,1.00000000
155,track,1784510367,800889549,camera_color_optical_frame,/home/bit/ffs+fp+sam/fp/stereo_tracker_fast_outputs/visualizations/000155.png,0.03981537,0.00143881,0.50985527,0.01053405,0.08115832,0.00008857,0.99664557,1.22004497,9.30964661,0.10952397,0.02416858,0.07053701,0.05799066,0.98682719,0.00153330,0.16177419,0.03981537,0.00188638,0.99977744,-0.02098314,0.00143881,-0.16177005,0.02101172,0.98660386,0.50985527,-0.00000000,-0.00000000,-0.00000000,1.00000000
156,track,1784510367,867632663,camera_color_optical_frame,/home/bit/ffs+fp+sam/fp/stereo_tracker_fast_outputs/visualizations/000156.png,0.03953386,0.00137157,0.51022142,0.01228589,0.07993240,-0.00012048,0.99672455,1.42043257,9.16881180,0.10005004,0.20190635,-0.14103743,-0.00635290,0.98722214,0.00220424,0.15933836,0.03953386,0.00172389,0.99969745,-0.02451062,0.00137157,-0.15934390,0.02447194,0.98691881,0.51022142,-0.00000000,-0.00000000,-0.00000000,1.00000000
157,track,1784510367,934214128,camera_color_optical_frame,/home/bit/ffs+fp+sam/fp/stereo_tracker_fast_outputs/visualizations/000157.png,0.03965977,0.00076210,0.51002735,0.01352970,0.08029351,-0.00155033,0.99667829,1.55116522,9.21242142,-0.05326658,0.15515777,0.03984388,-0.15237512,0.98710161,0.00526304,0.16001177,0.03965977,-0.00091769,0.99962842,-0.02721854,0.00076210,-0.16009527,0.02672045,0.98673886,0.51002735,-0.00000000,-0.00000000,-0.00000000,1.00000000
158,track,1784510367,984224275,camera_color_optical_frame,/home/bit/ffs+fp+sam/fp/stereo_tracker_fast_outputs/visualizations/000158.png,0.03941219,0.00076207,0.51076269,0.01163307,0.07879019,-0.00044823,0.99682325,1.34154344,9.03802299,0.05450733,-0.22689027,-0.17147458,0.11111731,0.98758429,0.00272674,0.15706949,0.03941219,0.00093952,0.99972832,-0.02326295,0.00076207,-0.15708995,0.02312151,0.98731256,0.51076269,-0.00000000,-0.00000000,-0.00000000,1.00000000
159,track,1784510368,51038714,camera_color_optical_frame,/home/bit/ffs+fp+sam/fp/stereo_tracker_fast_outputs/visualizations/000159.png,0.03963631,0.00079111,0.51066774,0.01318490,0.08009161,-0.00295385,0.99669594,1.49817657,9.19131279,-0.21917388,0.19962589,0.14698912,-0.27368510,0.98715371,0.00800015,0.15957622,0.03963631,-0.00377618,0.99963427,-0.02675591,0.00079111,-0.15973160,0.02580942,0.98682201,0.51066774,-0.00000000,-0.00000000,-0.00000000,1.00000000
160,track,1784510368,117617643,camera_color_optical_frame,/home/bit/ffs+fp+sam/fp/stereo_tracker_fast_outputs/visualizations/000160.png,0.03949112,0.00011715,0.51037854,0.01199948,0.07901988,-0.00025645,0.99680078,1.38575184,9.06413746,0.08036606,-0.16026509,-0.11931228,0.29902056,0.98751217,0.00240764,0.15752818,0.03949112,0.00138514,0.99971128,-0.02396280,0.00011715,-0.15754007,0.02388156,0.98722267,0.51037854,-0.00000000,-0.00000000,-0.00000000,1.00000000
161,track,1784510368,234213244,camera_color_optical_frame,/home/bit/ffs+fp+sam/fp/stereo_tracker_fast_outputs/visualizations/000161.png,0.03962836,0.00120893,0.51085210,0.00718891,0.07936803,0.00010016,0.99681950,0.83259273,9.10413933,0.07780351,-0.55276686,0.03989083,-0.00349644,0.98740202,0.00094145,0.15823279,0.03962836,0.00134082,0.99989599,-0.01431627,0.00120893,-0.15822949,0.01434790,0.98729694,0.51085210,-0.00000000,-0.00000000,-0.00000000,1.00000000
162,track,1784510368,284213333,camera_color_optical_frame,/home/bit/ffs+fp+sam/fp/stereo_tracker_fast_outputs/visualizations/000162.png,0.03976663,0.00097756,0.51118851,0.00747819,0.08102603,-0.00048761,0.99668384,0.86090165,9.29522705,0.01392564,0.03840214,0.19011676,-0.06580874,0.98686963,0.00218384,0.16150752,0.03976663,0.00023986,0.99988705,-0.01498588,0.00097756,-0.16152169,0.01482769,0.98675650,0.51118851,-0.00000000,-0.00000000,-0.00000000,1.00000000
163,track,1784510368,350881381,camera_color_optical_frame,/home/bit/ffs+fp+sam/fp/stereo_tracker_fast_outputs/visualizations/000163.png,0.04000824,0.00088323,0.51135659,0.00738739,0.08349288,0.00112671,0.99648035,0.86643863,9.57747078,0.20215458,-0.02488163,0.28501019,0.18134525,0.98605585,-0.00101190,0.16641481,0.04000824,0.00347908,0.99988765,-0.01453471,0.00088323,-0.16638111,0.01491084,0.98594755,0.51135659,-0.00000000,-0.00000000,-0.00000000,1.00000000
164,track,1784510368,417558011,camera_color_optical_frame,/home/bit/ffs+fp+sam/fp/stereo_tracker_fast_outputs/visualizations/000164.png,0.04013745,0.00129357,0.51111078,0.00523810,0.08335580,0.00283255,0.99650210,0.63401389,9.56105042,0.37874806,-0.26181245,-0.01377989,0.17436869,0.98608816,-0.00477203,0.16615829,0.04013745,0.00651853,0.99992853,-0.00996741,0.00129357,-0.16609852,0.01091168,0.98604757,0.51111078,-0.00000000,-0.00000000,-0.00000000,1.00000000
165,track,1784510368,434210368,camera_color_optical_frame,/home/bit/ffs+fp+sam/fp/stereo_tracker_fast_outputs/visualizations/000165.png,0.03934291,0.00148403,0.51132375,0.00446668,0.08077776,0.00152392,0.99672097,0.53120488,9.26563263,0.21824840,-0.07616562,-0.29715610,-0.15512854,0.98694587,-0.00231623,0.16103955,0.03934291,0.00375945,0.99995494,-0.00865796,0.00148403,-0.16101193,0.00915017,0.98690891,0.51132375,-0.00000000,-0.00000000,-0.00000000,1.00000000
166,track,1784510368,484213938,camera_color_optical_frame,/home/bit/ffs+fp+sam/fp/stereo_tracker_fast_outputs/visualizations/000166.png,0.04008001,0.00212345,0.51146251,0.00189321,0.08077016,0.00117372,0.99673027,0.23009768,9.26537323,0.15358512,-0.29070634,-0.00088365,-0.06381433,0.98695022,-0.00203394,0.16101675,0.04008001,0.00264559,0.99998957,-0.00358453,0.00212345,-0.16100746,0.00396355,0.98694408,0.51146251,-0.00000000,-0.00000000,-0.00000000,1.00000000
167,track,1784510368,617604945,camera_color_optical_frame,/home/bit/ffs+fp+sam/fp/stereo_tracker_fast_outputs/visualizations/000167.png,0.03840053,0.00083880,0.51098442,0.00676720,0.07375465,-0.00291304,0.99724919,0.75696754,8.46137524,-0.27873284,0.59645528,-0.80548686,-0.42442223,0.98910409,0.00680825,0.14706428,0.03840053,-0.00481184,0.99989092,-0.01392695,0.00083880,-0.14714272,0.01306738,0.98902780,0.51098442,-0.00000000,-0.00000000,-0.00000000,1.00000000
168,track,1784510368,667644675,camera_color_optical_frame,/home/bit/ffs+fp+sam/fp/stereo_tracker_fast_outputs/visualizations/000168.png,0.03844058,0.00110349,0.51081115,0.00662244,0.07494798,-0.00008495,0.99716544,0.76460278,8.59632206,0.04770497,-0.04039833,0.13929656,0.32095760,0.98876619,0.00116208,0.14947012,0.03844058,0.00082326,0.99991167,-0.01322014,0.00110349,-0.14947195,0.01319451,0.98867679,0.51081115,-0.00000000,-0.00000000,-0.00000000,1.00000000
169,track,1784510368,734215845,camera_color_optical_frame,/home/bit/ffs+fp+sam/fp/stereo_tracker_fast_outputs/visualizations/000169.png,0.03894857,0.00098704,0.51098472,0.00632686,0.07526004,-0.00066010,0.99714369,0.72547537,8.63261604,-0.02110269,-0.02885202,0.03535046,-0.06850663,0.98867160,0.00226872,0.15008192,0.03894857,-0.00036414,0.99991840,-0.01271699,0.00098704,-0.15009825,0.01251814,0.98859066,0.51098472,-0.00000000,-0.00000000,-0.00000000,1.00000000
170,track,1784510368,750876657,camera_color_optical_frame,/home/bit/ffs+fp+sam/fp/stereo_tracker_fast_outputs/visualizations/000170.png,0.03875662,0.00064804,0.51101094,0.00647554,0.07464062,-0.00013150,0.99718946,0.74717444,8.56104660,0.04081382,0.01239704,-0.07081961,0.06212571,0.98885804,0.00122890,0.14886013,0.03875662,0.00070440,0.99991542,-0.01293438,0.00064804,-0.14886315,0.01289497,0.98877251,0.51101094,-0.00000000,-0.00000000,-0.00000000,1.00000000
171,track,1784510368,784206574,camera_color_optical_frame,/home/bit/ffs+fp+sam/fp/stereo_tracker_fast_outputs/visualizations/000171.png,0.03815464,0.00091304,0.51147223,0.00618357,0.07065458,0.00072501,0.99748147,0.71987140,8.10247326,0.13427378,-0.04124866,-0.45735133,0.09849978,0.99001533,-0.00057262,0.14096238,0.03815464,0.00232012,0.99992174,-0.01223361,0.00091304,-0.14094403,0.01243836,0.98993826,0.51147223,-0.00000000,-0.00000000,-0.00000000,1.00000000
172,track,1784510368,900885007,camera_color_optical_frame,/home/bit/ffs+fp+sam/fp/stereo_tracker_fast_outputs/visualizations/000172.png,0.03877498,0.00037050,0.51071000,0.01112993,0.07537368,0.00099328,0.99709272,1.29508102,8.64353943,0.21202749,0.56420922,0.54196012,0.07006574,0.98863614,-0.00030302,0.15033133,0.03877498,0.00365854,0.99974954,-0.02204548,0.00037050,-0.15028673,0.02234478,0.98838872,0.51071000,-0.00000000,-0.00000000,-0.00000000,1.00000000
173,track,1784510368,917565623,camera_color_optical_frame,/home/bit/ffs+fp+sam/fp/stereo_tracker_fast_outputs/visualizations/000173.png,0.03833767,0.00036099,0.51143014,0.00854296,0.07437260,-0.00092086,0.99719352,0.97923249,8.53092384,-0.03278481,-0.27905801,-0.11801625,-0.23950267,0.98893625,0.00310721,0.14831214,0.03833767,-0.00056587,0.99985158,-0.01717502,0.00036099,-0.14834327,0.01690089,0.98879033,0.51143014,-0.00000000,-0.00000000,-0.00000000,1.00000000
174,track,1784510368,967544378,camera_color_optical_frame,/home/bit/ffs+fp+sam/fp/stereo_tracker_fast_outputs/visualizations/000174.png,0.03891945,0.00029191,0.51111054,0.00745747,0.07695862,0.00005687,0.99700642,0.86275357,8.82722187,0.07312629,-0.13221300,0.29802355,0.09957353,0.98815531,0.00103437,0.15345743,0.03891945,0.00126118,0.99988806,-0.01486162,0.00029191,-0.15345542,0.01487896,0.98804235,0.51111054,-0.00000000,-0.00000000,-0.00000000,1.00000000
175,track,1784510369,34223342,camera_color_optical_frame,/home/bit/ffs+fp+sam/fp/stereo_tracker_fast_outputs/visualizations/000175.png,0.03782278,0.00089175,0.51136458,0.00657283,0.07276432,-0.00070323,0.99732727,0.75330973,8.34588718,-0.02583981,-0.09429602,-0.48277497,-0.09066837,0.98941022,0.00235918,0.14513054,0.03782278,-0.00044621,0.99991190,-0.01321295,0.00089175,-0.14514871,0.01300811,0.98932314,0.51136458,-0.00000000,-0.00000000,-0.00000000,1.00000000
176,track,1784510369,84235042,camera_color_optical_frame,/home/bit/ffs+fp+sam/fp/stereo_tracker_fast_outputs/visualizations/000176.png,0.03870947,0.00063532,0.51125699,0.00660687,0.07647900,0.00059788,0.99704915,0.76911169,8.77174473,0.12770167,-0.00651348,0.42781255,0.14613210,0.98830163,-0.00018170,0.15251462,0.03870947,0.00220274,0.99991131,-0.01308338,0.00063532,-0.15249853,0.01326611,0.98821342,0.51125699,-0.00000000,-0.00000000,-0.00000000,1.00000000
177,track,1784510369,150877451,camera_color_optical_frame,/home/bit/ffs+fp+sam/fp/stereo_tracker_fast_outputs/visualizations/000177.png,0.03813852,0.00057633,0.51132578,0.00802518,0.07400019,0.00010307,0.99722594,0.92814046,8.48716927,0.08071109,0.16617489,-0.28520155,-0.04265737,0.98904824,0.00098211,0.14759159,0.03813852,0.00139325,0.99987054,-0.01599065,0.00057633,-0.14758797,0.01602099,0.98891795,0.51132578,-0.00000000,-0.00000000,-0.00000000,1.00000000
178,track,1784510369,200878863,camera_color_optical_frame,/home/bit/ffs+fp+sam/fp/stereo_tracker_fast_outputs/visualizations/000178.png,0.03835278,0.00065274,0.51121157,0.00593543,0.07403734,0.00112757,0.99723721,0.69547272,8.49087715,0.18119244,-0.24750717,0.00529937,0.09930191,0.98903471,-0.00137008,0.14767906,0.03835278,0.00312774,0.99992633,-0.01167118,0.00065274,-0.14765197,0.01200494,0.98896527,0.51121157,-0.00000000,-0.00000000,-0.00000000,1.00000000
179,track,1784510369,267644588,camera_color_optical_frame,/home/bit/ffs+fp+sam/fp/stereo_tracker_fast_outputs/visualizations/000179.png,0.03890876,0.00027374,0.51084888,0.01017483,0.07592240,0.00100048,0.99706131,1.18496239,8.70678997,0.20519383,0.48593023,0.21615368,0.02109679,0.98846990,-0.00045015,0.15141903,0.03890876,0.00354003,0.99979043,-0.02013800,0.00027374,-0.15137799,0.02044168,0.98826337,0.51084888,-0.00000000,-0.00000000,-0.00000000,1.00000000
180,track,1784510369,334225536,camera_color_optical_frame,/home/bit/ffs+fp+sam/fp/stereo_tracker_fast_outputs/visualizations/000180.png,0.03878787,0.00026550,0.51134890,0.01027934,0.07509811,0.00024978,0.99712312,1.19018888,8.61294651,0.11833167,0.01836452,-0.09562007,-0.08392885,0.98872083,0.00104573,0.14976937,0.03878787,0.00204199,0.99978817,-0.02046209,0.00026550,-0.14975880,0.02053695,0.98850811,0.51134890,-0.00000000,-0.00000000,-0.00000000,1.00000000
181,track,1784510369,400879438,camera_color_optical_frame,/home/bit/ffs+fp+sam/fp/stereo_tracker_fast_outputs/visualizations/000181.png,0.03905462,0.00167547,0.51164615,0.00493474,0.07471950,-0.00006601,0.99719238,0.56969237,8.57012749,0.03509786,-0.60804188,-0.04453963,-0.08140297,0.98883444,0.00086902,0.14901887,0.03905462,0.00060573,0.99995089,-0.00985172,0.00167547,-0.14901987,0.00983181,0.98878413,0.51164615,-0.00000000,-0.00000000,-0.00000000,1.00000000
182,track,1784510369,450921788,camera_color_optical_frame,/home/bit/ffs+fp+sam/fp/stereo_tracker_fast_outputs/visualizations/000182.png,0.03911747,0.00090936,0.51160902,0.00853193,0.07502647,-0.00000535,0.99714506,0.98599333,8.60515976,0.07356534,0.41055700,0.03537950,0.03767746,0.98874247,0.00129084,0.14962459,0.03911747,0.00126950,0.99985403,-0.01701604,0.00090936,-0.14962444,0.01701425,0.98859537,0.51160902,-0.00000000,-0.00000000,-0.00000000,1.00000000
183,track,1784510369,517579098,camera_color_optical_frame,/home/bit/ffs+fp+sam/fp/stereo_tracker_fast_outputs/visualizations/000183.png,0.03895258,0.00112209,0.51144779,0.00469893,0.07615136,-0.00166197,0.99708378,0.52851826,8.73553848,-0.15063895,-0.42393517,0.12657879,-0.22382258,0.98839688,0.00402984,0.15184307,0.03895258,-0.00259865,0.99994993,-0.00962366,0.00112209,-0.15187398,0.00911724,0.98835665,0.51144779,-0.00000000,-0.00000000,-0.00000000,1.00000000
184,track,1784510369,584237367,camera_color_optical_frame,/home/bit/ffs+fp+sam/fp/stereo_tracker_fast_outputs/visualizations/000184.png,0.03886669,0.00112087,0.51171714,0.00442895,0.07648687,-0.00061475,0.99706060,0.50657082,8.77352619,-0.03179420,-0.04000677,0.03905670,0.11709221,0.98829919,0.00190334,0.15251875,0.03886669,-0.00054842,0.99995959,-0.00892599,0.00112087,-0.15252928,0.00873775,0.98825902,0.51171714,-0.00000000,-0.00000000,-0.00000000,1.00000000
185,track,1784510369,634215882,camera_color_optical_frame,/home/bit/ffs+fp+sam/fp/stereo_tracker_fast_outputs/visualizations/000185.png,0.03874351,0.00051950,0.51131892,0.00611745,0.07788756,-0.00189714,0.99694163,0.69032276,8.93544865,-0.16412742,0.20392601,0.16074689,-0.13215952,0.98786026,0.00473555,0.15527563,0.03874351,-0.00282980,0.99991757,-0.01249309,0.00051950,-0.15532166,0.01190188,0.98779088,0.51131892,-0.00000000,-0.00000000,-0.00000000,1.00000000
186,track,1784510369,700895855,camera_color_optical_frame,/home/bit/ffs+fp+sam/fp/stereo_tracker_fast_outputs/visualizations/000186.png,0.03916425,0.00064283,0.51096833,0.00698333,0.07769188,-0.00155433,0.99695176,0.79355717,8.91282368,-0.11681280,0.09587561,-0.02209479,0.04700536,0.98792350,0.00418421,0.15488853,0.03916425,-0.00201415,0.99989730,-0.01416568,0.00064283,-0.15493156,0.01368249,0.98782909,0.51096833,-0.00000000,-0.00000000,-0.00000000,1.00000000
187,track,1784510369,784211649,camera_color_optical_frame,/home/bit/ffs+fp+sam/fp/stereo_tracker_fast_outputs/visualizations/000187.png,0.03878371,0.00122475,0.51015300,0.00508055,0.07773601,-0.00177241,0.99695945,0.57154429,8.91778183,-0.15915683,-0.21546215,0.00434400,-0.04190310,0.98790842,0.00432387,0.15498143,0.03878371,-0.00274423,0.99994183,-0.01040584,0.00122475,-0.15501706,0.00985457,0.98786128,0.51015300,-0.00000000,-0.00000000,-0.00000000,1.00000000
188,track,1784510369,900890156,camera_color_optical_frame,/home/bit/ffs+fp+sam/fp/stereo_tracker_fast_outputs/visualizations/000188.png,0.03855951,-0.00057615,0.50693601,0.01987802,0.07451400,-0.00148113,0.99702072,2.28439474,8.54827023,0.00051479,1.68807852,-0.36792147,0.16157253,0.98889136,0.00591574,0.14852528,0.03855951,0.00000889,0.99920499,-0.03985837,-0.00057615,-0.14864264,0.03941679,0.98810363,0.50693601,-0.00000000,-0.00000000,-0.00000000,1.00000000
189,track,1784510369,950884885,camera_color_optical_frame,/home/bit/ffs+fp+sam/fp/stereo_tracker_fast_outputs/visualizations/000189.png,0.03862981,-0.00181465,0.50586772,0.02301884,0.07266935,-0.00240743,0.99708754,2.63885570,8.33878040,-0.08427776,0.36704168,-0.21269757,-0.07548688,0.98942715,0.00814629,0.14480469,0.03862981,-0.00145537,0.99892819,-0.04625351,-0.00181465,-0.14502598,0.04555362,0.98837709,0.50586772,-0.00000000,-0.00000000,-0.00000000,1.00000000
190,track,1784510370,17567501,camera_color_optical_frame,/home/bit/ffs+fp+sam/fp/stereo_tracker_fast_outputs/visualizations/000190.png,0.03718179,-0.00320139,0.50393325,0.03224887,0.06940781,-0.00500050,0.99705446,3.68291664,7.97430420,-0.31791389,1.07790005,-0.37471172,-0.21436501,0.99031544,0.01444809,0.13808435,0.03718179,-0.00549496,0.99786961,-0.06500191,-0.00320139,-0.13872901,0.06361353,0.98828357,0.50393325,-0.00000000,-0.00000000,-0.00000000,1.00000000
191,track,1784510370,34215858,camera_color_optical_frame,/home/bit/ffs+fp+sam/fp/stereo_tracker_fast_outputs/visualizations/000191.png,0.03726401,-0.00430187,0.50241119,0.04065778,0.07024416,-0.00474090,0.99668962,4.65666199,8.07148552,-0.21634759,0.95964563,0.10341590,0.09410179,0.99008679,0.01516227,0.13963789,0.03726401,-0.00373856,0.99664849,-0.08171243,-0.00430187,-0.14040853,0.08038027,0.98682386,0.50241119,-0.00000000,-0.00000000,-0.00000000,1.00000000
192,track,1784510370,84239514,camera_color_optical_frame,/home/bit/ffs+fp+sam/fp/stereo_tracker_fast_outputs/visualizations/000192.png,0.03578267,-0.00740637,0.49882284,0.06061681,0.06346568,-0.00435115,0.99613190,6.96097851,7.29439688,-0.05629398,2.28143573,-0.76163608,0.22132866,0.99190658,0.01636271,0.12591302,0.03578267,-0.00097456,0.99261296,-0.12131695,-0.00740637,-0.12696764,0.12021230,0.98459381,0.49882284,-0.00000000,-0.00000000,-0.00000000,1.00000000
193,track,1784510370,150881342,camera_color_optical_frame,/home/bit/ffs+fp+sam/fp/stereo_tracker_fast_outputs/visualizations/000193.png,0.03569342,-0.01085412,0.49545074,0.08684731,0.06402688,-0.00357811,0.99415559,10.00000286,7.34979439,0.23146543,3.00255442,0.08963045,0.27655774,0.99177569,0.01823540,0.12668401,0.03569342,0.00400663,0.98488909,-0.17313759,-0.01085412,-0.12792660,0.17222118,0.97671461,0.49545074,-0.00000000,-0.00000000,-0.00000000,1.00000000
194,track,1784510370,217556842,camera_color_optical_frame,/home/bit/ffs+fp+sam/fp/stereo_tracker_fast_outputs/visualizations/000194.png,0.03537499,-0.01187866,0.49197915,0.09585800,0.06082428,-0.00744878,0.99350703,11.01107597,7.02407932,-0.18126631,1.06388092,-0.39174968,-0.34689981,0.99249011,0.02646169,0.11943080,0.03537499,-0.00313995,0.98151112,-0.19137724,-0.01187866,-0.12228648,0.18956496,0.97422171,0.49197915,-0.00000000,-0.00000000,-0.00000000,1.00000000
195,track,1784510370,317564881,camera_color_optical_frame,/home/bit/ffs+fp+sam/fp/stereo_tracker_fast_outputs/visualizations/000195.png,0.03542534,-0.01538265,0.49230427,0.12237892,0.05349645,-0.00510883,0.99102747,14.08850098,6.15871906,0.17101742,3.03349543,-0.78243023,0.50909644,0.99422425,0.02321953,0.10478264,0.03542534,0.00296759,0.96999425,-0.24310823,-0.01538265,-0.10728307,0.24201508,0.96432143,0.49230427,-0.00000000,-0.00000000,-0.00000000,1.00000000
196,track,1784510370,367543738,camera_color_optical_frame,/home/bit/ffs+fp+sam/fp/stereo_tracker_fast_outputs/visualizations/000196.png,0.03821411,-0.02520629,0.49798739,0.18999811,0.06056061,-0.00942979,0.97986948,21.96321106,7.02289915,0.26167223,7.86336565,0.86005783,-0.12310717,0.99248719,0.04149259,0.11509985,0.03821411,0.00453276,0.92762327,-0.37348858,-0.02520629,-0.12226604,0.37120453,0.92046463,0.49798739,-0.00000000,-0.00000000,-0.00000000,1.00000000
197,track,1784510370,417568763,camera_color_optical_frame,/home/bit/ffs+fp+sam/fp/stereo_tracker_fast_outputs/visualizations/000197.png,0.04311981,-0.03017649,0.50803292,0.23430718,0.08730005,-0.00763295,0.96820486,27.34049606,9.94049740,1.52010012,5.19320202,3.17136502,0.05820037,0.98464102,0.05569043,0.16547179,0.04311981,0.02612940,0.89008343,-0.45504704,-0.03017649,-0.17262535,0.45238191,0.87495607,0.50803292,-0.00000000,-0.00000000,-0.00000000,1.00000000
198,track,1784510370,434212000,camera_color_optical_frame,/home/bit/ffs+fp+sam/fp/stereo_tracker_fast_outputs/visualizations/000198.png,0.04122172,-0.03157106,0.50666356,0.25892478,0.07110442,-0.00931093,0.96323180,30.16977882,8.15210342,1.09308887,2.88948250,-1.78257048,0.44584605,0.98971510,0.05475840,0.13215849,0.04122172,0.01888408,0.86574215,-0.50013280,-0.03157106,-0.14180149,0.49748495,0.85580271,0.50666356,-0.00000000,-0.00000000,-0.00000000,1.00000000
199,track,1784510370,467650250,camera_color_optical_frame,/home/bit/ffs+fp+sam/fp/stereo_tracker_fast_outputs/visualizations/000199.png,0.04067101,-0.03352112,0.50620860,0.27308375,0.06387208,-0.00699364,0.95984209,31.84178543,7.26355362,1.23956037,1.64887297,-0.69516277,0.57217753,0.99174309,0.04831027,0.11879463,0.04067101,0.02145912,0.85075241,-0.52512741,-0.03352112,-0.12643366,0.52334100,0.84268975,0.50620860,-0.00000000,-0.00000000,-0.00000000,1.00000000
200,track,1784510370,517562599,camera_color_optical_frame,/home/bit/ffs+fp+sam/fp/stereo_tracker_fast_outputs/visualizations/000200.png,0.03901315,-0.03460374,0.50325203,0.28375521,0.04763693,-0.00890294,0.95767140,33.03657913,5.52576160,0.57461387,1.26320314,-1.82514369,0.35435280,0.99530315,0.04408648,0.08618871,0.03901315,0.00998213,0.83880711,-0.54433626,-0.03460374,-0.09629331,0.54264021,0.83442593,0.50325203,-0.00000000,-0.00000000,-0.00000000,1.00000000
201,track,1784510370,550883369,camera_color_optical_frame,/home/bit/ffs+fp+sam/fp/stereo_tracker_fast_outputs/visualizations/000201.png,0.03812004,-0.03510470,0.50235033,0.28848499,0.04592083,-0.00683786,0.95635819,33.60737228,5.26593113,0.77195740,0.55192286,-0.11069647,0.30636814,0.99568927,0.03957369,0.08388847,0.03812004,0.01341593,0.83345896,-0.55241758,-0.03510470,-0.09177852,0.55116194,0.82933384,0.50235033,-0.00000000,-0.00000000,-0.00000000,1.00000000
202,track,1784510370,617676530,camera_color_optical_frame,/home/bit/ffs+fp+sam/fp/stereo_tracker_fast_outputs/visualizations/000202.png,0.03719575,-0.03597581,0.50035441,0.29683718,0.04108278,-0.00879343,0.95400345,34.58532715,4.79589128,0.43765688,1.00733483,-0.57582468,-0.01733888,0.99647009,0.04116759,0.07316599,0.03719575,0.00761174,0.82362044,-0.56708944,-0.03597581,-0.08360641,0.56564480,0.82039833,0.50035441,-0.00000000,-0.00000000,-0.00000000,1.00000000
203,track,1784510370,717564875,camera_color_optical_frame,/home/bit/ffs+fp+sam/fp/stereo_tracker_fast_outputs/visualizations/000203.png,0.03434922,-0.03773636,0.49548355,0.32497767,0.02401118,-0.00330754,0.94541109,37.95281982,2.72546291,0.53644991,3.34291458,-1.64841533,1.25684047,0.99882531,0.02186001,0.04325135,0.03434922,0.00935209,0.78875691,-0.61463326,-0.03773636,-0.04755037,0.61431599,0.78762460,0.49548355,-0.00000000,-0.00000000,-0.00000000,1.00000000
204,track,1784510370,767590687,camera_color_optical_frame,/home/bit/ffs+fp+sam/fp/stereo_tracker_fast_outputs/visualizations/000204.png,0.03237349,-0.03858485,0.49378169,0.36785343,0.02207799,-0.00915528,0.92957658,43.17852783,2.73873353,-0.04464418,5.25479174,-0.34642640,-0.46593821,0.99885768,0.03326383,0.03431099,0.03237349,-0.00077830,0.72919977,-0.68429953,-0.03858485,-0.04778172,0.68349147,0.72839135,0.49378169,-0.00000000,-0.00000000,-0.00000000,1.00000000
205,track,1784510370,817565803,camera_color_optical_frame,/home/bit/ffs+fp+sam/fp/stereo_tracker_fast_outputs/visualizations/000205.png,0.02958090,-0.04088335,0.48675415,0.43478510,0.01495760,-0.00588416,0.90039080,51.55266953,1.83674741,0.13817687,8.36333752,-0.53271919,0.75046688,0.99948347,0.02360258,0.02181890,0.02958090,0.00241040,0.62185419,-0.78312844,-0.04088335,-0.03205180,0.78277695,0.62147486,0.48675415,-0.00000000,-0.00000000,-0.00000000,1.00000000
206,track,1784510370,834221141,camera_color_optical_frame,/home/bit/ffs+fp+sam/fp/stereo_tracker_fast_outputs/visualizations/000206.png,0.02754312,-0.04130637,0.47956279,0.43818280,0.00363892,-0.00043078,0.89887846,51.97689819,0.39644122,0.13833818,0.41538051,-0.89542341,1.12820387,0.99997330,0.00396327,0.00616463,0.02754312,0.00241440,0.61599106,-0.78774858,-0.04130637,-0.00691915,0.78774291,0.61596388,0.47956279,-0.00000000,-0.00000000,-0.00000000,1.00000000
207,track,1784510370,867655466,camera_color_optical_frame,/home/bit/ffs+fp+sam/fp/stereo_tracker_fast_outputs/visualizations/000207.png,0.02674790,-0.04025248,0.47605574,0.46143210,0.00090063,-0.00047374,0.88717496,54.95920181,0.11659504,-0.00055101,2.98257375,-0.28182364,0.13489339,0.99999809,0.00167153,0.00116110,0.02674790,-0.00000962,0.57416010,-0.81874216,-0.04025248,-0.00203497,0.81874108,0.57415789,0.47605574,-0.00000000,-0.00000000,-0.00000000,1.00000000
208,track,1784510370,917565019,camera_color_optical_frame,/home/bit/ffs+fp+sam/fp/stereo_tracker_fast_outputs/visualizations/000208.png,0.02816979,-0.03929641,0.47084162,0.51187420,0.01015089,-0.00650432,0.85897583,61.58198166,1.38080633,-0.04483864,6.61695719,0.68953300,-1.06054366,0.99970949,0.02156586,0.01078018,0.02816979,-0.00078235,0.47588465,-0.87950635,-0.03929641,-0.02409729,0.87924296,0.47576222,0.47084162,-0.00000000,-0.00000000,-0.00000000,1.00000000
209,track,1784510370,967608472,camera_color_optical_frame,/home/bit/ffs+fp+sam/fp/stereo_tracker_fast_outputs/visualizations/000209.png,0.03040227,-0.03825230,0.46079195,0.57749999,0.02163221,-0.01506478,0.81596494,70.57865143,3.02099109,0.02296799,8.98370361,0.84000963,-1.41041791,0.99861044,0.04956960,0.01790263,0.03040227,0.00040031,0.33253318,-0.94309044,-0.03825230,-0.05270182,0.94178772,0.33205029,0.46079195,-0.00000000,-0.00000000,-0.00000000,1.00000000
210,track,1784510371,50978805,camera_color_optical_frame,/home/bit/ffs+fp+sam/fp/stereo_tracker_fast_outputs/visualizations/000210.png,0.03464226,-0.02817558,0.44739231,0.63362604,0.02250173,-0.02424514,0.77293199,78.67089844,3.75608373,-0.51474553,8.12600327,-0.26158786,-0.87182832,0.99781191,0.06599475,0.00406010,0.03464226,-0.00896459,0.19585992,-0.98058975,-0.02817558,-0.06550909,0.97840852,0.19602217,0.44739231,-0.00000000,-0.00000000,-0.00000000,1.00000000
211,track,1784510371,100886942,camera_color_optical_frame,/home/bit/ffs+fp+sam/fp/stereo_tracker_fast_outputs/visualizations/000211.png,0.03697255,-0.02693281,0.44595268,0.65758747,0.02353608,-0.02578134,0.75256902,82.27770233,3.97560763,-0.45090076,3.60229087,0.10554240,-0.20274334,0.99756294,0.06975821,0.00151827,0.03697255,-0.00785069,0.13382769,-0.99097234,-0.02693281,-0.06933179,0.98854625,0.13404842,0.44595268,-0.00000000,-0.00000000,-0.00000000,1.00000000
212,track,1784510371,150887977,camera_color_optical_frame,/home/bit/ffs+fp+sam/fp/stereo_tracker_fast_outputs/visualizations/000212.png,0.03790868,-0.02295047,0.44245011,0.68459588,0.02497300,-0.02429592,0.72808963,86.47075653,3.99277616,-0.06815783,4.16654825,0.38063711,0.03419908,0.99757230,0.06957170,0.00309957,0.03790868,-0.00118669,0.06147594,-0.99810666,-0.02295047,-0.06963071,0.99568093,0.06140859,0.44245011,-0.00000000,-0.00000000,-0.00000000,1.00000000
213,track,1784510371,167550315,camera_color_optical_frame,/home/bit/ffs+fp+sam/fp/stereo_tracker_fast_outputs/visualizations/000213.png,0.03679848,-0.02349444,0.44453833,0.68528259,0.01959975,-0.01920622,0.72776008,86.55463409,3.14430857,-0.06269676,0.08316401,-0.04681785,0.84718764,0.99849409,0.05481743,0.00220464,0.03679848,-0.00109262,0.06003741,-0.99819434,-0.02349444,-0.05485100,0.99668980,0.06000623,0.44453833,-0.00000000,-0.00000000,-0.00000000,1.00000000
214,track,1784510371,200878824,camera_color_optical_frame,/home/bit/ffs+fp+sam/fp/stereo_tracker_fast_outputs/visualizations/000214.png,0.03726552,-0.02037101,0.44016695,0.69636267,0.02484649,-0.01752446,0.71704572,88.33964539,3.44203281,0.54371554,1.74872839,0.62209475,-0.26100758,0.99815118,0.05973569,0.01122556,0.03726552,0.00947237,0.02954341,-0.99951738,-0.02037101,-0.06003868,0.99777687,0.02892232,0.44016695,-0.00000000,-0.00000000,-0.00000000,1.00000000
215,track,1784510371,250989293,camera_color_optical_frame,/home/bit/ffs+fp+sam/fp/stereo_tracker_fast_outputs/visualizations/000215.png,0.03753480,-0.02035558,0.44020933,0.69716358,0.02364873,-0.01617303,0.71633935,88.46147919,3.23499393,0.56257755,0.12072689,0.01279326,0.20749113,0.99835837,0.05614452,0.01133073,0.03753480,0.00980303,0.02740222,-0.99957514,-0.02035558,-0.05643130,0.99804640,0.02680621,0.44020933,-0.00000000,-0.00000000,-0.00000000,1.00000000
216,track,1784510371,300884604,camera_color_optical_frame,/home/bit/ffs+fp+sam/fp/stereo_tracker_fast_outputs/visualizations/000216.png,0.03724901,-0.02059322,0.44013771,0.69824106,0.02224524,-0.01443775,0.71537131,88.62702942,2.98009634,0.59715813,0.16370621,0.02764568,0.25572786,0.99859339,0.05172148,0.01166535,0.03724901,0.01040809,0.02450153,-0.99964434,-0.02059322,-0.05198904,0.99836081,0.02392811,0.44013771,-0.00000000,-0.00000000,-0.00000000,1.00000000
217,track,1784510371,350877785,camera_color_optical_frame,/home/bit/ffs+fp+sam/fp/stereo_tracker_fast_outputs/visualizations/000217.png,0.03689694,-0.02057290,0.43962169,0.69784945,0.02236295,-0.01608570,0.71571451,88.56468964,3.12196112,0.46973255,-0.05544210,-0.12383217,-0.14488482,0.99848229,0.05423716,0.00956037,0.03689694,0.00818612,0.02549450,-0.99964023,-0.02057290,-0.05446154,0.99820238,0.02501119,0.43962169,-0.00000000,-0.00000000,-0.00000000,1.00000000
218,track,1784510371,400875912,camera_color_optical_frame,/home/bit/ffs+fp+sam/fp/stereo_tracker_fast_outputs/visualizations/000218.png,0.03742541,-0.02054294,0.43992794,0.69766301,0.02482004,-0.01733685,0.71578610,88.54769135,3.42385674,0.56324571,-0.02262573,0.10084801,-0.29947257,0.99816680,0.05945067,0.01134131,0.03742541,0.00981279,0.02593111,-0.99961436,-0.02054294,-0.05972201,0.99789417,0.02529958,0.43992794,-0.00000000,-0.00000000,-0.00000000,1.00000000
219,track,1784510371,450957019,camera_color_optical_frame,/home/bit/ffs+fp+sam/fp/stereo_tracker_fast_outputs/visualizations/000219.png,0.03749418,-0.02109128,0.44008082,0.69954056,0.02454499,-0.01687006,0.71397191,88.84743500,3.36239624,0.58834159,0.29824054,0.02345398,0.06206914,0.99822587,0.05842960,0.01144648,0.03749418,0.01025064,0.02071632,-0.99973154,-0.02109128,-0.05865121,0.99807632,0.02008001,0.44008082,-0.00000000,-0.00000000,-0.00000000,1.00000000
220,track,1784510371,500886432,camera_color_optical_frame,/home/bit/ffs+fp+sam/fp/stereo_tracker_fast_outputs/visualizations/000220.png,0.03789558,-0.02142658,0.44015610,0.70084924,0.02388421,-0.01802879,0.71268141,89.05413055,3.40045786,0.44658712,0.21507508,-0.14074290,-0.04091574,0.99820900,0.05917570,0.00877293,0.03789558,0.00778061,0.01697009,-0.99982446,-0.02142658,-0.05931435,0.99810308,0.01647866,0.44015610,-0.00000000,-0.00000000,-0.00000000,1.00000000
221,track,1784510371,550876873,camera_color_optical_frame,/home/bit/ffs+fp+sam/fp/stereo_tracker_fast_outputs/visualizations/000221.png,0.03789237,-0.02162963,0.44044691,0.70055491,0.02078084,-0.02009526,0.71301270,88.99095154,3.31293607,0.02637720,-0.03890569,-0.42092466,0.08049085,0.99832875,0.05777227,0.00147853,0.03789237,0.00045960,0.01763751,-0.99984312,-0.02162963,-0.05778943,0.99817377,0.01758086,0.44044691,-0.00000000,-0.00000000,-0.00000000,1.00000000
222,track,1784510371,600884933,camera_color_optical_frame,/home/bit/ffs+fp+sam/fp/stereo_tracker_fast_outputs/visualizations/000222.png,0.03792936,-0.02179762,0.44044968,0.70275486,0.02097346,-0.02043282,0.71082926,89.34623718,3.35574913,0.02465655,0.35535699,-0.00099449,-0.04284108,0.99828529,0.05852656,0.00109875,0.03792936,0.00042960,0.01143580,-0.99993336,-0.02179762,-0.05853540,0.99822021,0.01139046,0.44044968,-0.00000000,-0.00000000,-0.00000000,1.00000000
223,track,1784510371,650979930,camera_color_optical_frame,/home/bit/ffs+fp+sam/fp/stereo_tracker_fast_outputs/visualizations/000223.png,0.03788916,-0.02163486,0.44013911,0.70065534,0.02082835,-0.01988113,0.71291870,89.00733948,3.29961181,0.04817586,-0.34029046,0.02280653,0.05639561,0.99834180,0.05753392,0.00183838,0.03788916,0.00083943,0.01737338,-0.99984765,-0.02163486,-0.05755726,0.99819219,0.01729568,0.44013911,-0.00000000,-0.00000000,-0.00000000,1.00000000
224,track,1784510371,700882494,camera_color_optical_frame,/home/bit/ffs+fp+sam/fp/stereo_tracker_fast_outputs/visualizations/000224.png,0.03788549,-0.02219527,0.44029623,0.70218444,0.02254359,-0.01707436,0.71143335,89.26216888,3.21339989,0.42263338,0.23383193,0.37228927,0.09260123,0.99840045,0.05595373,0.00809801,0.03788549,0.00736468,0.01329091,-0.99988353,-0.02219527,-0.05605501,0.99834478,0.01285699,0.44029623,-0.00000000,-0.00000000,-0.00000000,1.00000000
225,track,1784510371,750887547,camera_color_optical_frame,/home/bit/ffs+fp+sam/fp/stereo_tracker_fast_outputs/visualizations/000225.png,0.03795199,-0.02143863,0.44058049,0.70222181,0.01863988,-0.01939390,0.71144998,89.24984741,3.08171296,-0.08131910,0.01476726,-0.50490618,0.12507020,0.99855292,0.05377389,-0.00071478,0.03795199,-0.00141723,0.01301654,-0.99991328,-0.02143863,-0.05376011,0.99846816,0.01307335,0.44058049,-0.00000000,-0.00000000,-0.00000000,1.00000000
226,track,1784510371,800877509,camera_color_optical_frame,/home/bit/ffs+fp+sam/fp/stereo_tracker_fast_outputs/visualizations/000226.png,0.03820630,-0.02125971,0.44011110,0.69957107,0.02100920,-0.02251334,0.71389925,88.83364105,3.52569008,-0.15786019,-0.41155538,-0.07060807,-0.44495007,0.99810344,0.06153904,-0.00150228,0.03820630,-0.00274996,0.02018658,-0.99979150,-0.02125971,-0.06149607,0.99790031,0.02031694,0.44011110,-0.00000000,-0.00000000,-0.00000000,1.00000000
227,track,1784510371,850976322,camera_color_optical_frame,/home/bit/ffs+fp+sam/fp/stereo_tracker_fast_outputs/visualizations/000227.png,0.03811705,-0.02164942,0.44025129,0.70134395,0.01963720,-0.02122447,0.71223634,89.11262512,3.31031728,-0.15433194,0.27874514,-0.00089337,0.21539207,0.99832767,0.05777821,-0.00179850,0.03811705,-0.00268910,0.01533201,-0.99987787,-0.02164942,-0.05774379,0.99821144,0.01546114,0.44025129,-0.00000000,-0.00000000,-0.00000000,1.00000000
228,track,1784510371,917559862,camera_color_optical_frame,/home/bit/ffs+fp+sam/fp/stereo_tracker_fast_outputs/visualizations/000228.png,0.03777704,-0.02174280,0.44005689,0.70157427,0.02007716,-0.02022264,0.71202642,89.15174866,3.26568699,-0.03599258,0.03235159,0.11741324,0.04643900,0.99837577,0.05696902,0.00021572,0.03777704,-0.00062717,0.01476905,-0.99988979,-0.02174280,-0.05696613,0.99826646,0.01478021,0.44005689,-0.00000000,-0.00000000,-0.00000000,1.00000000
229,track,1784510372,34213702,camera_color_optical_frame,/home/bit/ffs+fp+sam/fp/stereo_tracker_fast_outputs/visualizations/000229.png,0.03752029,-0.02179720,0.43990207,0.70097810,0.01905801,-0.01914001,0.71267116,89.05135345,3.09533167,-0.03229762,-0.10063332,0.00113865,0.17038234,0.99854082,0.05399923,0.00033089,0.03752029,-0.00056288,0.01652647,-0.99986237,-0.02179720,-0.05399745,0.99840385,0.01653217,0.43990207,-0.00000000,-0.00000000,-0.00000000,1.00000000
230,track,1784510372,84241782,camera_color_optical_frame,/home/bit/ffs+fp+sam/fp/stereo_tracker_fast_outputs/visualizations/000230.png,0.03795164,-0.02164207,0.44003505,0.70114505,0.01818380,-0.02112441,0.71247369,89.07440186,3.18346143,-0.26411191,0.03590080,-0.22999433,-0.09198296,0.99844617,0.05559980,-0.00371140,0.03795164,-0.00460249,0.01589851,-0.99986202,-0.02164207,-0.05553329,0.99832618,0.01612913,0.44003505,-0.00000000,-0.00000000,-0.00000000,1.00000000
231,track,1784510372,134217194,camera_color_optical_frame,/home/bit/ffs+fp+sam/fp/stereo_tracker_fast_outputs/visualizations/000231.png,0.03790915,-0.02178381,0.44020349,0.70234334,0.02126358,-0.01901894,0.71126640,89.28134155,3.26554036,0.16145276,0.18268946,0.42611563,-0.07530069,0.99837220,0.05692340,0.00353267,0.03790915,0.00281330,0.01270372,-0.99991429,-0.02178381,-0.05696357,0.99829733,0.01252234,0.44020349,-0.00000000,-0.00000000,-0.00000000,1.00000000
232,track,1784510372,150874930,camera_color_optical_frame,/home/bit/ffs+fp+sam/fp/stereo_tracker_fast_outputs/visualizations/000232.png,0.03790212,-0.02154735,0.44040918,0.70229197,0.01965105,-0.02061211,0.71131921,89.26547241,3.26232409,-0.09884144,-0.00107950,-0.25992239,-0.00008303,0.99837792,0.05692480,-0.00099489,0.03790212,-0.00172231,0.01272205,-0.99991661,-0.02154735,-0.05690753,0.99829704,0.01279889,0.44040918,-0.00000000,-0.00000000,-0.00000000,1.00000000
233,track,1784510372,234213149,camera_color_optical_frame,/home/bit/ffs+fp+sam/fp/stereo_tracker_fast_outputs/visualizations/000233.png,0.03801858,-0.02149019,0.44021142,0.70110542,0.02037153,-0.01754590,0.71255058,89.07780457,3.07449460,0.20427950,-0.20394604,0.30022106,0.19164746,0.99855423,0.05356955,0.00442865,0.03801858,0.00356021,0.01628633,-0.99986005,-0.02149019,-0.05363430,0.99843091,0.01607150,0.44021142,-0.00000000,-0.00000000,-0.00000000,1.00000000
234,track,1784510372,250980747,camera_color_optical_frame,/home/bit/ffs+fp+sam/fp/stereo_tracker_fast_outputs/visualizations/000234.png,0.03795439,-0.02161092,0.44009259,0.70064992,0.02163203,-0.01680278,0.71297926,89.01055908,3.11796451,0.36451864,-0.07598601,0.16064940,-0.04090489,0.99849933,0.05427270,0.00730082,0.03795439,0.00635259,0.01761433,-0.99982369,-0.02161092,-0.05439188,0.99837041,0.01724255,0.44009259,-0.00000000,-0.00000000,-0.00000000,1.00000000
235,track,1784510372,284222452,camera_color_optical_frame,/home/bit/ffs+fp+sam/fp/stereo_tracker_fast_outputs/visualizations/000235.png,0.03819929,-0.02123092,0.44019523,0.70015174,0.01889793,-0.01847411,0.71350479,88.91783142,3.02872825,0.00572611,-0.07378410,-0.35980877,0.08297098,0.99860305,0.05282523,0.00109834,0.03819929,0.00009980,0.01889213,-0.99982047,-0.02123092,-0.05283666,0.99842465,0.01885990,0.44019523,-0.00000000,-0.00000000,-0.00000000,1.00000000
236,track,1784510372,334215460,camera_color_optical_frame,/home/bit/ffs+fp+sam/fp/stereo_tracker_fast_outputs/visualizations/000236.png,0.03812701,-0.02149882,0.44028127,0.70077330,0.02164038,-0.02006238,0.71277350,89.03018951,3.38055205,0.09928610,0.10679708,0.09999473,-0.35000670,0.99825817,0.05892954,0.00273120,0.03812701,0.00172985,0.01702821,-0.99985242,-0.02149882,-0.05896752,0.99811643,0.01689605,0.44028127,-0.00000000,-0.00000000,-0.00000000,1.00000000
237,track,1784510372,384215098,camera_color_optical_frame,/home/bit/ffs+fp+sam/fp/stereo_tracker_fast_outputs/visualizations/000237.png,0.03781402,-0.02156056,0.44015634,0.70067793,0.01984468,-0.01804827,0.71297324,89.00659943,3.07191277,0.11896186,-0.02469226,0.01439083,0.30892155,0.99856067,0.05354499,0.00300558,0.03781402,0.00207329,0.01744901,-0.99984455,-0.02156056,-0.05358930,0.99841255,0.01731233,0.44015634,-0.00000000,-0.00000000,-0.00000000,1.00000000
238,track,1784510372,434204623,camera_color_optical_frame,/home/bit/ffs+fp+sam/fp/stereo_tracker_fast_outputs/visualizations/000238.png,0.03805090,-0.02152297,0.44014871,0.70151299,0.02242625,-0.01882996,0.71205485,89.15328217,3.34546208,0.26678842,0.13802049,0.15226471,-0.27096805,0.99828488,0.05828020,0.00551868,0.03805090,0.00464838,0.01504954,-0.99987477,-0.02152297,-0.05835615,0.99818647,0.01475227,0.44014871,-0.00000000,-0.00000000,-0.00000000,1.00000000
239,track,1784510372,484217770,camera_color_optical_frame,/home/bit/ffs+fp+sam/fp/stereo_tracker_fast_outputs/visualizations/000239.png,0.03831812,-0.02144243,0.44025567,0.70170861,0.01960348,-0.02029029,0.71190524,89.17126465,3.23246145,-0.07907819,0.03746879,-0.34697762,0.10781937,0.99840796,0.05640103,-0.00056393,0.03831812,-0.00137798,0.01438637,-0.99989444,-0.02144243,-0.05638717,0.99830425,0.01444065,0.44025567,-0.00000000,-0.00000000,-0.00000000,1.00000000
240,track,1784510372,534223268,camera_color_optical_frame,/home/bit/ffs+fp+sam/fp/stereo_tracker_fast_outputs/visualizations/000240.png,0.03804680,-0.02128150,0.44019020,0.70265424,0.02088460,-0.02058282,0.71092695,89.32958984,3.36059856,0.00477731,0.15337665,0.08552551,-0.12692419,0.99828023,0.05861474,0.00076977,0.03804680,0.00008324,0.01170609,-0.99993044,-0.02128150,-0.05861988,0.99821162,0.01168053,0.44019020,-0.00000000,-0.00000000,-0.00000000,1.00000000
241,track,1784510372,584245032,camera_color_optical_frame,/home/bit/ffs+fp+sam/fp/stereo_tracker_fast_outputs/visualizations/000241.png,0.03810426,-0.02110896,0.44025442,0.70058495,0.01999151,-0.02073769,0.71298736,88.99210358,3.30001140,-0.08954179,-0.33208174,-0.09489412,0.05946907,0.99834049,0.05758259,-0.00054948,0.03810426,-0.00156021,0.01750077,-0.99984461,-0.02110896,-0.05756422,0.99818689,0.01756103,0.44025442,-0.00000000,-0.00000000,-0.00000000,1.00000000
242,track,1784510372,634217593,camera_color_optical_frame,/home/bit/ffs+fp+sam/fp/stereo_tracker_fast_outputs/visualizations/000242.png,0.03769878,-0.02151651,0.44029364,0.70207858,0.01971572,-0.01992662,0.71154755,89.23141479,3.21238112,-0.03866650,0.23643002,0.04921708,0.08850183,0.99842834,0.05604111,0.00007738,0.03769878,-0.00067380,0.01337668,-0.99990928,-0.02151651,-0.05603725,0.99833840,0.01339290,0.44029364,-0.00000000,-0.00000000,-0.00000000,1.00000000
243,track,1784510372,700895410,camera_color_optical_frame,/home/bit/ffs+fp+sam/fp/stereo_tracker_fast_outputs/visualizations/000243.png,0.03818003,-0.02105574,0.44023794,0.70038748,0.01898512,-0.02026563,0.71322250,88.95594788,3.17974949,-0.13279912,-0.27027404,-0.09444500,0.03135660,0.99845767,0.05550134,-0.00130620,0.03818003,-0.00231421,0.01809313,-0.99983257,-0.02105574,-0.05546861,0.99829417,0.01819315,0.44023794,-0.00000000,-0.00000000,-0.00000000,1.00000000
244,track,1784510372,750884979,camera_color_optical_frame,/home/bit/ffs+fp+sam/fp/stereo_tracker_fast_outputs/visualizations/000244.png,0.03812721,-0.02111320,0.44001785,0.70048630,0.02348783,-0.01926517,0.71301901,88.99351501,3.46761417,0.31184065,0.01066356,0.44897032,-0.27984029,0.99815422,0.06037835,0.00650470,0.03812721,0.00543265,0.01789505,-0.99982399,-0.02111320,-0.06048433,0.99801457,0.01753348,0.44001785,-0.00000000,-0.00000000,-0.00000000,1.00000000
245,track,1784510372,800884013,camera_color_optical_frame,/home/bit/ffs+fp+sam/fp/stereo_tracker_fast_outputs/visualizations/000245.png,0.03812831,-0.02180398,0.44011676,0.70195913,0.02344509,-0.01896402,0.71157867,89.23046112,3.43922710,0.34014460,0.23522276,0.02772150,0.02887144,0.99818122,0.05990343,0.00674226,0.03812831,0.00592592,0.01378701,-0.99988621,-0.02180398,-0.05998978,0.99810833,0.01340644,0.44011676,-0.00000000,-0.00000000,-0.00000000,1.00000000
246,track,1784510372,850986574,camera_color_optical_frame,/home/bit/ffs+fp+sam/fp/stereo_tracker_fast_outputs/visualizations/000246.png,0.03820094,-0.02128773,0.44010419,0.70118076,0.01986196,-0.01905740,0.71245199,89.08751678,3.15438342,0.04007463,-0.12645544,-0.30344203,0.28074345,0.99848449,0.05500827,0.00157617,0.03820094,0.00069837,0.01596414,-0.99987119,-0.02128773,-0.05502656,0.99835759,0.01590104,0.44010419,-0.00000000,-0.00000000,-0.00000000,1.00000000
247,track,1784510372,900885838,camera_color_optical_frame,/home/bit/ffs+fp+sam/fp/stereo_tracker_fast_outputs/visualizations/000247.png,0.03797965,-0.02192981,0.44013235,0.70123130,0.02369230,-0.01790215,0.71231520,89.11461639,3.37436223,0.44328654,0.00334752,0.40593639,-0.21363121,0.99823612,0.05873117,0.00864581,0.03797965,0.00772332,0.01590776,-0.99984252,-0.02192981,-0.05885967,0.99814636,0.01542557,0.44013235,-0.00000000,-0.00000000,-0.00000000,1.00000000
248,track,1784510372,950885067,camera_color_optical_frame,/home/bit/ffs+fp+sam/fp/stereo_tracker_fast_outputs/visualizations/000248.png,0.03786258,-0.02172794,0.44019368,0.70197749,0.02176291,-0.01727991,0.71165681,89.22490692,3.16637063,0.34195581,0.11585996,-0.10440724,0.20639063,0.99845541,0.05514852,0.00671539,0.03786258,0.00595911,0.01385746,-0.99988508,-0.02172794,-0.05523546,0.99838126,0.01350687,0.44019368,-0.00000000,-0.00000000,-0.00000000,1.00000000
249,track,1784510373,887471,camera_color_optical_frame,/home/bit/ffs+fp+sam/fp/stereo_tracker_fast_outputs/visualizations/000249.png,0.03753265,-0.02146661,0.44010565,0.70115685,0.02115639,-0.01873522,0.71244687,89.08969879,3.23423481,0.17054878,-0.12556821,-0.17023046,-0.07019528,0.99840260,0.05636323,0.00387311,0.03753265,0.00297189,0.01605556,-0.99986559,-0.02146661,-0.05641806,0.99828047,0.01586185,0.44010565,-0.00000000,-0.00000000,-0.00000000,1.00000000
250,track,1784510373,50983514,camera_color_optical_frame,/home/bit/ffs+fp+sam/fp/stereo_tracker_fast_outputs/visualizations/000250.png,0.03790333,-0.02174379,0.43988711,0.70252180,0.01985856,-0.01839142,0.71114731,89.30358887,3.10037088,0.10005855,0.21767849,-0.07253545,0.13271834,0.99853450,0.05405978,0.00240414,0.03790333,0.00174379,0.01224929,-0.99992239,-0.02174379,-0.05408526,0.99846178,0.01213652,0.43988711,-0.00000000,-0.00000000,-0.00000000,1.00000000
251,track,1784510373,100890170,camera_color_optical_frame,/home/bit/ffs+fp+sam/fp/stereo_tracker_fast_outputs/visualizations/000251.png,0.03808989,-0.02136043,0.44012862,0.70113117,0.02157426,-0.01840666,0.71246821,89.08759308,3.24196172,0.23093611,-0.22343223,0.13234793,-0.14000881,0.99839115,0.05648071,0.00493114,0.03808989,0.00402413,0.01615219,-0.99986041,-0.02136043,-0.05655270,0.99827230,0.01589837,0.44012862,-0.00000000,-0.00000000,-0.00000000,1.00000000
252,track,1784510373,150879594,camera_color_optical_frame,/home/bit/ffs+fp+sam/fp/stereo_tracker_fast_outputs/visualizations/000252.png,0.03782199,-0.02187423,0.43998757,0.70168376,0.02028902,-0.02023310,0.71191216,89.17036438,3.28383088,-0.01926913,0.09708431,-0.24912661,-0.04588163,0.99835759,0.05728095,0.00049369,0.03782199,-0.00033576,0.01446064,-0.99989432,-0.02187423,-0.05728227,0.99825263,0.01445560,0.43998757,-0.00000000,-0.00000000,-0.00000000,1.00000000
253,track,1784510373,200878342,camera_color_optical_frame,/home/bit/ffs+fp+sam/fp/stereo_tracker_fast_outputs/visualizations/000253.png,0.03796439,-0.02172851,0.44004953,0.70229173,0.02020654,-0.01844093,0.71136349,89.26808167,3.13277602,0.12308650,0.08991006,0.13990906,0.15307830,0.99850291,0.05461780,0.00284672,0.03796439,0.00214505,0.01289191,-0.99991357,-0.02172851,-0.05465000,0.99842328,0.01275493,0.44004953,-0.00000000,-0.00000000,-0.00000000,1.00000000
254,track,1784510373,251006332,camera_color_optical_frame,/home/bit/ffs+fp+sam/fp/stereo_tracker_fast_outputs/visualizations/000254.png,0.03795286,-0.02150874,0.43998596,0.70247394,0.01943895,-0.01780739,0.71122104,89.29403687,3.01911211,0.11362664,0.02641741,-0.01092882,0.11352582,0.99860960,0.05264033,0.00263249,0.03795286,0.00198040,0.01242610,-0.99991983,-0.02150874,-0.05266904,0.99853539,0.01230405,0.43998596,-0.00000000,-0.00000000,-0.00000000,1.00000000
255,track,1784510373,300885884,camera_color_optical_frame,/home/bit/ffs+fp+sam/fp/stereo_tracker_fast_outputs/visualizations/000255.png,0.03791626,-0.02133460,0.44027847,0.70240325,0.02134081,-0.01860528,0.71121597,89.29138184,3.23850441,0.20169619,-0.00766131,0.09059456,-0.21830454,0.99839628,0.05644407,0.00421921,0.03791626,0.00351463,0.01256676,-0.99991387,-0.02133460,-0.05649244,0.99832571,0.01234770,0.44027847,-0.00000000,-0.00000000,-0.00000000,1.00000000
256,track,1784510373,350877426,camera_color_optical_frame,/home/bit/ffs+fp+sam/fp/stereo_tracker_fast_outputs/visualizations/000256.png,0.03775098,-0.02168060,0.44014397,0.70198429,0.01778253,-0.01947236,0.71170413,89.20803070,3.01802874,-0.15785949,-0.06443861,-0.36178783,0.21595047,0.99860859,0.05268282,-0.00202659,0.03775098,-0.00275134,0.01367748,-0.99990159,-0.02168060,-0.05265015,0.99851668,0.01380289,0.44014397,-0.00000000,-0.00000000,-0.00000000,1.00000000
257,track,1784510373,400883747,camera_color_optical_frame,/home/bit/ffs+fp+sam/fp/stereo_tracker_fast_outputs/visualizations/000257.png,0.03789632,-0.02143111,0.44013298,0.70038468,0.02293988,-0.01980793,0.71312177,88.97424316,3.46644759,0.22284107,-0.25683892,0.38613361,-0.44320920,0.99816215,0.06038400,0.00497167,0.03789632,0.00388218,0.01813738,-0.99982691,-0.02143111,-0.06046398,0.99800944,0.01786910,0.44013298,-0.00000000,-0.00000000,-0.00000000,1.00000000
258,track,1784510373,450975670,camera_color_optical_frame,/home/bit/ffs+fp+sam/fp/stereo_tracker_fast_outputs/visualizations/000258.png,0.03824487,-0.02151898,0.43990853,0.70136565,0.02072868,-0.01967799,0.71222842,89.12120056,3.27508259,0.06002685,0.15623140,-0.16598152,0.18840064,0.99836552,0.05710679,0.00192437,0.03824487,0.00104595,0.01539765,-0.99987984,-0.02151898,-0.05712981,0.99824834,0.01531223,0.43990853,-0.00000000,-0.00000000,-0.00000000,1.00000000
259,track,1784510373,500885526,camera_color_optical_frame,/home/bit/ffs+fp+sam/fp/stereo_tracker_fast_outputs/visualizations/000259.png,0.03814233,-0.02128558,0.44017568,0.70091915,0.01909520,-0.01941723,0.71272063,89.04200745,3.12065077,-0.05222315,-0.07311781,-0.11447358,0.15267763,0.99851602,0.05444606,-0.00000053,0.03814233,-0.00091011,0.01667029,-0.99985957,-0.02128558,-0.05443867,0.99837661,0.01669460,0.44017568,-0.00000000,-0.00000000,-0.00000000,1.00000000
260,track,1784510373,550883255,camera_color_optical_frame,/home/bit/ffs+fp+sam/fp/stereo_tracker_fast_outputs/visualizations/000260.png,0.03805950,-0.02153475,0.43990669,0.70222735,0.01628206,-0.01753860,0.71155047,89.24152374,2.73995399,-0.12001019,0.20270941,-0.07410052,0.37949789,0.99885392,0.04782618,-0.00146097,0.03805950,-0.00209218,0.01313793,-0.99991047,-0.02153475,-0.04780296,0.99876833,0.01322243,0.43990669,-0.00000000,-0.00000000,-0.00000000,1.00000000
261,track,1784510373,600899130,camera_color_optical_frame,/home/bit/ffs+fp+sam/fp/stereo_tracker_fast_outputs/visualizations/000261.png,0.03811787,-0.02159993,0.43985000,0.70218492,0.01959032,-0.01796813,0.71149820,89.24810028,3.04444885,0.11148836,-0.00574478,0.23514719,-0.30144429,0.99858606,0.05308022,0.00264323,0.03811787,0.00194309,0.01322652,-0.99990952,-0.02159993,-0.05311062,0.99850172,0.01310418,0.43985000,-0.00000000,-0.00000000,-0.00000000,1.00000000
262,track,1784510373,650998451,camera_color_optical_frame,/home/bit/ffs+fp+sam/fp/stereo_tracker_fast_outputs/visualizations/000262.png,0.03790881,-0.02149081,0.43976977,0.70161939,0.01920130,-0.01704762,0.71208912,89.15534973,2.93871331,0.15288211,-0.09490757,0.03991327,0.10625791,0.99868077,0.05122244,0.00342440,0.03790881,0.00266478,0.01487870,-0.99988467,-0.02149081,-0.05126770,0.99857551,0.01472206,0.43976977,-0.00000000,-0.00000000,-0.00000000,1.00000000
263,track,1784510373,700881376,camera_color_optical_frame,/home/bit/ffs+fp+sam/fp/stereo_tracker_fast_outputs/visualizations/000263.png,0.03774223,-0.02173136,0.43997702,0.70296323,0.01870399,-0.01519132,0.71081793,89.36988068,2.74826670,0.26957390,0.20890710,0.11370068,0.19212908,0.99883819,0.04789252,0.00523259,0.03774223,0.00469952,0.01122343,-0.99992490,-0.02173136,-0.04794788,0.99878854,0.01098479,0.43997702,-0.00000000,-0.00000000,-0.00000000,1.00000000
264,track,1784510373,767548268,camera_color_optical_frame,/home/bit/ffs+fp+sam/fp/stereo_tracker_fast_outputs/visualizations/000264.png,0.03792134,-0.02183895,0.44005901,0.70133537,0.01983640,-0.01843171,0.71231699,89.11233521,3.10196161,0.08980590,-0.24786200,-0.17564063,-0.35567263,0.99853295,0.05408194,0.00240620,0.03792134,0.00156511,0.01557749,-0.99987632,-0.02183895,-0.05411296,0.99841398,0.01546947,0.44005901,-0.00000000,-0.00000000,-0.00000000,1.00000000
265,track,1784510373,817565248,camera_color_optical_frame,/home/bit/ffs+fp+sam/fp/stereo_tracker_fast_outputs/visualizations/000265.png,0.03761523,-0.02152016,0.43986773,0.70051950,0.01977514,-0.01637437,0.71317124,88.98094177,2.93178797,0.24955785,-0.13958918,0.15684992,0.17260428,0.99868101,0.05106076,0.00526520,0.03761523,0.00434989,0.01800813,-0.99982727,-0.02152016,-0.05114699,0.99853218,0.01776174,0.43986773,-0.00000000,-0.00000000,-0.00000000,1.00000000
266,track,1784510373,850986102,camera_color_optical_frame,/home/bit/ffs+fp+sam/fp/stereo_tracker_fast_outputs/visualizations/000266.png,0.03757305,-0.02184824,0.43993756,0.70172441,0.02056461,-0.01705945,0.71194726,89.17839813,3.05093265,0.26222178,0.19675718,0.01472521,-0.11891085,0.99857152,0.05315178,0.00533999,0.03757305,0.00457013,0.01458305,-0.99988210,-0.02184824,-0.05322362,0.99847895,0.01431878,0.43993756,-0.00000000,-0.00000000,-0.00000000,1.00000000
267,track,1784510373,917561355,camera_color_optical_frame,/home/bit/ffs+fp+sam/fp/stereo_tracker_fast_outputs/visualizations/000267.png,0.03769470,-0.02156582,0.44004828,0.70246589,0.01913131,-0.01838236,0.71122271,89.29136658,3.04033637,0.04187765,0.12462834,-0.22020182,0.00740783,0.99859148,0.05302564,0.00138750,0.03769470,0.00072987,0.01240699,-0.99992162,-0.02156582,-0.05303894,0.99851513,0.01235027,0.44004828,-0.00000000,-0.00000000,-0.00000000,1.00000000
268,track,1784510373,967547443,camera_color_optical_frame,/home/bit/ffs+fp+sam/fp/stereo_tracker_fast_outputs/visualizations/000268.png,0.03786372,-0.02153968,0.44000426,0.70194221,0.01926382,-0.01974494,0.71169949,89.20745850,3.16086078,-0.06089248,-0.07827088,-0.10115463,-0.12179979,0.99847740,0.05514863,-0.00029928,0.03786372,-0.00106116,0.01377397,-0.99990344,-0.02153968,-0.05513941,0.99838215,0.01381097,0.44000426,-0.00000000,-0.00000000,-0.00000000,1.00000000
269,track,1784510374,17749366,camera_color_optical_frame,/home/bit/ffs+fp+sam/fp/stereo_tracker_fast_outputs/visualizations/000269.png,0.03811640,-0.02131820,0.44003078,0.70069563,0.01866419,-0.01641905,0.71302712,89.00443268,2.84449482,0.15723900,-0.21388526,0.21342598,0.31931928,0.99876344,0.04956983,0.00360687,0.03811640,0.00274095,0.01751168,-0.99984181,-0.02131820,-0.04962537,0.99861616,0.01735362,0.44003078,-0.00000000,-0.00000000,-0.00000000,1.00000000
270,track,1784510374,84293747,camera_color_optical_frame,/home/bit/ffs+fp+sam/fp/stereo_tracker_fast_outputs/visualizations/000270.png,0.03806703,-0.02146560,0.43983975,0.70152432,0.02163048,-0.01895666,0.71206492,89.15113068,3.29067206,0.19234173,0.14461713,0.04275119,-0.44551119,0.99834472,0.05734490,0.00420771,0.03806703,0.00335145,0.01500826,-0.99988061,-0.02146560,-0.05740144,0.99824059,0.01479069,0.43983975,-0.00000000,-0.00000000,-0.00000000,1.00000000
271,track,1784510374,184254591,camera_color_optical_frame,/home/bit/ffs+fp+sam/fp/stereo_tracker_fast_outputs/visualizations/000271.png,0.03777399,-0.02215026,0.43979204,0.70368272,0.01908963,-0.01770919,0.71003699,89.48757172,2.98254657,0.09852815,0.34128320,-0.09828041,0.30668989,0.99864310,0.05201398,0.00218561,0.03777399,0.00171731,0.00903353,-0.99995661,-0.02215026,-0.05203171,0.99860442,0.00893139,0.43979204,-0.00000000,-0.00000000,-0.00000000,1.00000000
272,track,1784510374,234269949,camera_color_optical_frame,/home/bit/ffs+fp+sam/fp/stereo_tracker_fast_outputs/visualizations/000272.png,0.03973214,-0.02214354,0.44308451,0.70274931,0.02029812,-0.02384171,0.71074814,89.34198761,3.57545495,-0.30783966,-0.12028106,-0.40029684,-0.59661156,0.99803829,0.06241941,-0.00465557,0.03973214,-0.00536233,0.01114956,-0.99992245,-0.02214354,-0.06236291,0.99798667,0.01146182,0.44308451,-0.00000000,-0.00000000,-0.00000000,1.00000000
273,track,1784510374,284280148,camera_color_optical_frame,/home/bit/ffs+fp+sam/fp/stereo_tracker_fast_outputs/visualizations/000273.png,0.04004299,-0.02132194,0.44410017,0.70016998,0.01442772,-0.01441910,0.71368474,88.90428925,2.33746099,-0.02168041,-0.44955239,0.27164704,1.24115527,0.99916708,0.04078463,0.00040228,0.04004299,-0.00037808,0.01910776,-0.99981636,-0.02132194,-0.04078504,0.99898422,0.01910670,0.44410017,-0.00000000,-0.00000000,-0.00000000,1.00000000
274,track,1784510374,300932143,camera_color_optical_frame,/home/bit/ffs+fp+sam/fp/stereo_tracker_fast_outputs/visualizations/000274.png,0.03980015,-0.02087997,0.44202298,0.70028204,0.01292536,-0.01322344,0.71362680,88.91771698,2.11858249,-0.04419496,0.01422358,-0.02671987,0.21839790,0.99931532,0.03697554,-0.00007228,0.03980015,-0.00077082,0.01886030,-0.99982089,-0.02087997,-0.03696778,0.99913722,0.01887531,0.44202298,-0.00000000,-0.00000000,-0.00000000,1.00000000
275,track,1784510374,317568555,camera_color_optical_frame,/home/bit/ffs+fp+sam/fp/stereo_tracker_fast_outputs/visualizations/000275.png,0.04053509,-0.02096647,0.44534418,0.70093638,0.01452838,-0.01336555,0.71295053,89.02783203,2.26105547,0.07503411,0.10537356,0.12176784,-0.14021339,0.99921978,0.03942445,0.00197944,0.04053509,0.00130857,0.01701898,-0.99985337,-0.02096647,-0.03945258,0.99907672,0.01695354,0.44534418,-0.00000000,-0.00000000,-0.00000000,1.00000000
276,track,1784510374,384221345,camera_color_optical_frame,/home/bit/ffs+fp+sam/fp/stereo_tracker_fast_outputs/visualizations/000276.png,0.04012548,-0.02152597,0.44938368,0.70144105,0.00060439,0.00158390,0.71272552,89.08554840,-0.07796417,0.17791736,0.05701783,0.06315616,2.34041572,0.99999350,-0.00141030,0.00308377,0.04012548,0.00310523,0.01595575,-0.99986696,-0.02152597,0.00136073,0.99987084,0.01595949,0.44938368,-0.00000000,-0.00000000,-0.00000000,1.00000000
277,track,1784510374,434217176,camera_color_optical_frame,/home/bit/ffs+fp+sam/fp/stereo_tracker_fast_outputs/visualizations/000277.png,0.03533898,-0.02122918,0.44521642,0.70227295,-0.03643294,0.03791310,0.70996332,89.36796570,-6.02618980,0.15334785,0.27488506,-0.11922807,5.94707441,0.99446970,-0.10500591,0.00151885,0.03533898,0.00266163,0.01075032,-0.99993777,-0.02122918,0.10498297,0.99441272,0.01096990,0.44521642,-0.00000000,-0.00000000,-0.00000000,1.00000000
278,track,1784510374,484273110,camera_color_optical_frame,/home/bit/ffs+fp+sam/fp/stereo_tracker_fast_outputs/visualizations/000278.png,0.03344150,-0.02117752,0.44771421,0.70018941,-0.07417661,0.07514771,0.70610589,89.50395203,-12.12168598,0.13177650,0.12785518,-0.08823695,6.09488821,0.97770047,-0.21000011,0.00048253,0.03344150,0.00224865,0.00817496,-0.99996310,-0.02117752,0.20998847,0.97766638,0.00846449,0.44771421,-0.00000000,-0.00000000,-0.00000000,1.00000000
279,track,1784510374,534243191,camera_color_optical_frame,/home/bit/ffs+fp+sam/fp/stereo_tracker_fast_outputs/visualizations/000279.png,0.03604076,-0.02336721,0.46163726,0.70064026,-0.06917391,0.07628098,0.70604497,89.49450684,-11.80439377,0.63118654,0.09270120,0.49153569,-0.31262189,0.97879159,-0.20464793,0.00921157,0.03604076,0.01078308,0.00656877,-0.99991935,-0.02336721,0.20457096,0.97881275,0.00863581,0.46163726,-0.00000000,-0.00000000,-0.00000000,1.00000000
280,track,1784510374,584245013,camera_color_optical_frame,/home/bit/ffs+fp+sam/fp/stereo_tracker_fast_outputs/visualizations/000280.png,0.03334858,-0.01910643,0.45018879,0.68512505,-0.13029087,0.13322960,0.70418596,88.32167816,-21.47259521,0.56061226,-1.20587206,-0.15060046,9.66726494,0.93054754,-0.36616799,-0.00093971,0.03334858,0.00910526,0.02570684,-0.99962717,-0.01910643,0.36605588,0.93019271,0.02725525,0.45018879,-0.00000000,-0.00000000,-0.00000000,1.00000000
281,track,1784510374,634212151,camera_color_optical_frame,/home/bit/ffs+fp+sam/fp/stereo_tracker_fast_outputs/visualizations/000281.png,0.03423252,-0.02000535,0.44982016,0.67493558,-0.16836821,0.17382090,0.69706553,87.90837860,-27.99299240,0.97680789,-0.22882690,0.17673539,6.52893591,0.88287598,-0.46960455,-0.00009106,0.03423252,0.01505318,0.02849613,-0.99947965,-0.02000535,0.46936318,0.88241589,0.03222746,0.44982016,-0.00000000,-0.00000000,-0.00000000,1.00000000
282,track,1784510374,684216387,camera_color_optical_frame,/home/bit/ffs+fp+sam/fp/stereo_tracker_fast_outputs/visualizations/000282.png,0.03690331,-0.02253447,0.46507338,0.67588645,-0.18082878,0.18149796,0.69104058,88.61775208,-29.68719292,0.42242509,0.43394080,-0.54319632,1.67664719,0.86871797,-0.49528435,-0.00457547,0.03690331,0.00640492,0.02047167,-0.99976897,-0.02253447,0.49526408,0.86848867,0.02095624,0.46507338,-0.00000000,-0.00000000,-0.00000000,1.00000000
283,track,1784510374,734220551,camera_color_optical_frame,/home/bit/ffs+fp+sam/fp/stereo_tracker_fast_outputs/visualizations/000283.png,0.03648029,-0.01956048,0.45362979,0.66460311,-0.21974343,0.22077431,0.67917168,88.57593536,-36.29494476,0.55466956,0.02725679,-0.05252265,6.60847235,0.80594212,-0.59197158,-0.00503183,0.03648029,0.00780242,0.01912233,-0.99978578,-0.01956048,0.59194160,0.80573082,0.02003028,0.45362979,-0.00000000,-0.00000000,-0.00000000,1.00000000
284,track,1784510374,784226676,camera_color_optical_frame,/home/bit/ffs+fp+sam/fp/stereo_tracker_fast_outputs/visualizations/000284.png,0.03602303,-0.01994950,0.45607594,0.65345234,-0.24190709,0.25321665,0.67109042,87.80190277,-40.96618271,1.79956698,0.03758984,0.82353526,4.69977713,0.75472373,-0.65601188,0.00624758,0.03602303,0.02371244,0.01776241,-0.99956006,-0.01994950,0.65561301,0.75454044,0.02896141,0.45607594,-0.00000000,-0.00000000,-0.00000000,1.00000000
285,track,1784510374,834213941,camera_color_optical_frame,/home/bit/ffs+fp+sam/fp/stereo_tracker_fast_outputs/visualizations/000285.png,0.03532492,-0.02212252,0.46858564,0.64605486,-0.25756744,0.26576814,0.66756237,87.43215179,-43.41569519,1.73776448,-0.41426128,-0.13881849,2.44600892,0.72605187,-0.68763876,-0.00048242,0.03532492,0.02202770,0.02396062,-0.99946922,-0.02212252,0.68728608,0.72565645,0.03254384,0.46858564,-0.00000000,-0.00000000,-0.00000000,1.00000000
286,track,1784510374,884215586,camera_color_optical_frame,/home/bit/ffs+fp+sam/fp/stereo_tracker_fast_outputs/visualizations/000286.png,0.03268776,-0.01857269,0.45581430,0.62426317,-0.30884540,0.31804380,0.64324039,87.18592072,-52.59957504,2.22255850,0.10593437,-0.11561452,9.18881989,0.60692447,-0.79475862,-0.00023686,0.03268776,0.02355500,0.01828690,-0.99955434,-0.01857269,0.79440957,0.60664892,0.02981953,0.45581430,-0.00000000,-0.00000000,-0.00000000,1.00000000
287,track,1784510374,950905846,camera_color_optical_frame,/home/bit/ffs+fp+sam/fp/stereo_tracker_fast_outputs/visualizations/000287.png,0.03380553,-0.01807814,0.45440701,0.59239715,-0.37071887,0.37244853,0.61066782,87.02297974,-63.38632965,2.00310421,-0.40875793,-0.62469375,10.76947975,0.44769838,-0.89411008,-0.01149652,0.03380553,0.01565826,0.02069496,-0.99966234,-0.01807814,0.89404678,0.44736746,0.02326566,0.45440701,-0.00000000,-0.00000000,-0.00000000,1.00000000
288,track,1784510375,51047212,camera_color_optical_frame,/home/bit/ffs+fp+sam/fp/stereo_tracker_fast_outputs/visualizations/000288.png,0.04232220,-0.02141341,0.46461087,0.55788827,-0.42818603,0.42780009,0.56780666,87.67800140,-74.48989105,1.72607207,0.33251053,-0.64709127,11.08534336,0.26728678,-0.96357512,-0.00892359,0.04232220,0.00805462,0.01149497,-0.99990064,-0.02141341,0.96358269,0.26718843,0.01083417,0.46461087,-0.00000000,-0.00000000,-0.00000000,1.00000000
289,track,1784510375,101061543,camera_color_optical_frame,/home/bit/ffs+fp+sam/fp/stereo_tracker_fast_outputs/visualizations/000289.png,0.04061789,-0.02208462,0.47398460,0.55009615,-0.43426263,0.44152713,0.56023574,85.67335510,-76.49356842,4.16066408,0.36132839,0.48631123,2.03676867,0.23293887,-0.97249043,-0.00081328,0.04061789,0.01694518,0.00489565,-0.99984360,-0.02208462,0.97234309,0.23288874,0.01761992,0.47398460,-0.00000000,-0.00000000,-0.00000000,1.00000000
290,track,1784510375,150928013,camera_color_optical_frame,/home/bit/ffs+fp+sam/fp/stereo_tracker_fast_outputs/visualizations/000290.png,0.04352188,-0.01937227,0.46755064,0.54640383,-0.43135282,0.44566464,0.56281489,82.40242767,-76.54907227,7.47635412,-0.04563465,0.76280624,0.13513817,0.23063479,-0.97303861,0.00148299,0.04352188,0.03026682,0.00565127,-0.99952501,-0.01937227,0.97256887,0.23057023,0.03075468,0.46755064,-0.00000000,-0.00000000,-0.00000000,1.00000000
291,track,1784510375,167597352,camera_color_optical_frame,/home/bit/ffs+fp+sam/fp/stereo_tracker_fast_outputs/visualizations/000291.png,0.04136398,-0.01948735,0.46798578,0.53971815,-0.43904471,0.45575470,0.55518621,80.90054321,-78.36761475,9.17084885,0.15396230,0.09753709,1.85263181,0.19905409,-0.97997779,0.00445581,0.04136398,0.03213581,0.00198358,-0.99948072,-0.01948735,0.97946084,0.19909400,0.03188775,0.46798578,-0.00000000,-0.00000000,-0.00000000,1.00000000
292,track,1784510375,200916048,camera_color_optical_frame,/home/bit/ffs+fp+sam/fp/stereo_tracker_fast_outputs/visualizations/000292.png,0.04002523,-0.02066930,0.46885055,0.53622103,-0.44918048,0.46077332,0.54625261,82.90053558,-80.02545166,7.18910551,0.04481772,-0.60198128,1.58849573,0.17184894,-0.98511666,0.00342159,0.04002523,0.02167637,0.00030945,-0.99976414,-0.02066930,0.98488414,0.17188266,0.02140750,0.46885055,-0.00000000,-0.00000000,-0.00000000,1.00000000
293,track,1784510375,251059806,camera_color_optical_frame,/home/bit/ffs+fp+sam/fp/stereo_tracker_fast_outputs/visualizations/000293.png,0.03499333,-0.02145727,0.47379476,0.52354926,-0.46959519,0.47494748,0.52896261,84.30422211,-83.78014374,5.69199085,-0.09942824,-0.62495375,3.70807433,0.10780963,-0.99417067,0.00052110,0.03499333,0.01074561,0.00064167,-0.99994123,-0.02145727,0.99411279,0.10780894,0.01075274,0.47379476,-0.00000000,-0.00000000,-0.00000000,1.00000000
294,track,1784510375,300895034,camera_color_optical_frame,/home/bit/ffs+fp+sam/fp/stereo_tracker_fast_outputs/visualizations/000294.png,0.02738719,-0.02117890,0.47288331,0.50773841,-0.48784253,0.49542570,0.50868928,75.75774384,-88.03815460,14.62134361,0.36244726,-0.12161174,4.29083776,0.03312532,-0.99942756,0.00677362,0.02738719,0.00864168,-0.00649022,-0.99994075,-0.02117890,0.99941307,0.03318186,0.00842235,0.47288331,-0.00000000,-0.00000000,-0.00000000,1.00000000
295,track,1784510375,317566964,camera_color_optical_frame,/home/bit/ffs+fp+sam/fp/stereo_tracker_fast_outputs/visualizations/000295.png,0.02896435,-0.02093622,0.47267172,0.50976211,-0.48523149,0.49392754,0.51061589,77.18043518,-87.57565308,13.26819038,0.07009266,0.05810042,-0.46171653,0.04117107,-0.99911898,0.00803814,0.02896435,0.00970830,-0.00764407,-0.99992287,-0.02093622,0.99910414,0.04124591,0.00938566,0.47267172,-0.00000000,-0.00000000,-0.00000000,1.00000000
296,track,1784510375,400881776,camera_color_optical_frame,/home/bit/ffs+fp+sam/fp/stereo_tracker_fast_outputs/visualizations/000296.png,0.02172103,-0.02081644,0.47532529,0.49254316,-0.50172192,0.50901729,0.49656609,-62.28371811,-88.60128021,152.47248840,-0.27763125,0.11870854,3.59909987,-0.02164632,-0.99975997,0.00314941,0.02172103,0.01128158,-0.00339375,-0.99992979,-0.02081644,0.99970114,-0.02160933,0.01135299,0.47532529,-0.00000000,-0.00000000,-0.00000000,1.00000000
297,track,1784510375,450989421,camera_color_optical_frame,/home/bit/ffs+fp+sam/fp/stereo_tracker_fast_outputs/visualizations/000297.png,0.02200310,-0.02085275,0.47532117,0.48919266,-0.50259036,0.50985831,0.49813452,-57.21496201,-88.28699493,147.12004089,-0.28102225,0.28409979,0.19731900,-0.02510457,-0.99968231,-0.00187779,0.02200310,0.01622843,0.00147105,-0.99986631,-0.02085275,0.99955225,-0.02513175,0.01618702,0.47532117,-0.00000000,-0.00000000,-0.00000000,1.00000000
298,track,1784510375,500978714,camera_color_optical_frame,/home/bit/ffs+fp+sam/fp/stereo_tracker_fast_outputs/visualizations/000298.png,0.02216999,-0.02080385,0.47571790,0.49141753,-0.50071031,0.50745136,0.50029111,-46.56102371,-88.70033264,136.44003296,-0.02247115,-0.03355678,-0.49683389,-0.01643622,-0.99986154,-0.00225986,0.02216999,0.01563012,0.00200340,-0.99987495,-0.02080385,0.99974185,-0.01646954,0.01559571,0.47571790,-0.00000000,-0.00000000,-0.00000000,1.00000000
299,track,1784510375,550887655,camera_color_optical_frame,/home/bit/ffs+fp+sam/fp/stereo_tracker_fast_outputs/visualizations/000299.png,0.02147463,-0.01989163,0.47459128,0.48936549,-0.49992830,0.51030898,0.50017786,-44.33136749,-88.30280304,134.30752563,0.09882532,0.31833225,0.24438538,-0.02068795,-0.99978489,-0.00064995,0.02147463,0.02119416,0.00021181,-0.99977446,-0.01989163,0.99956042,-0.02069712,0.02118591,0.47459128,-0.00000000,-0.00000000,-0.00000000,1.00000000
300,track,1784510375,600907937,camera_color_optical_frame,/home/bit/ffs+fp+sam/fp/stereo_tracker_fast_outputs/visualizations/000300.png,0.02084927,-0.02115097,0.47980386,0.49273831,-0.49884680,0.51068312,0.49755767,-48.90693283,-88.54221344,139.31010437,0.42500767,-0.26408282,-0.08026696,-0.01929013,-0.99978960,0.00685574,0.02084927,0.01658622,-0.00717563,-0.99983579,-0.02115097,0.99967533,-0.01917327,0.01672183,0.47980386,-0.00000000,-0.00000000,-0.00000000,1.00000000
301,track,1784510375,650984721,camera_color_optical_frame,/home/bit/ffs+fp+sam/fp/stereo_tracker_fast_outputs/visualizations/000301.png,0.01732450,-0.02129127,0.48677942,0.50640446,-0.48669294,0.49930963,0.50732088,64.31544495,-88.23245239,26.35397530,0.29346585,-0.18410358,-2.68791437,0.02763886,-0.99954653,0.01188719,0.01732450,0.01369239,-0.01151159,-0.99983913,-0.02129127,0.99952328,0.02779721,0.01336866,0.48677942,-0.00000000,-0.00000000,-0.00000000,1.00000000
302,track,1784510375,700893282,camera_color_optical_frame,/home/bit/ffs+fp+sam/fp/stereo_tracker_fast_outputs/visualizations/000302.png,0.01875968,-0.02073254,0.48674756,0.51343697,-0.47722000,0.48845270,0.51967067,75.62232208,-86.00803375,14.66378784,-0.37539399,0.19959418,-2.28051329,0.06734905,-0.99771303,0.00558568,0.01875968,0.01762320,-0.00440742,-0.99983412,-0.02073254,0.99757284,0.06743637,0.01728671,0.48674756,-0.00000000,-0.00000000,-0.00000000,1.00000000
303,track,1784510375,750966250,camera_color_optical_frame,/home/bit/ffs+fp+sam/fp/stereo_tracker_fast_outputs/visualizations/000303.png,0.01804446,-0.02009327,0.48358685,0.51538998,-0.47564396,0.48378599,0.52353340,78.42239380,-85.34956360,11.57712936,-0.27749631,-0.08051071,-0.69345087,0.07942691,-0.99683970,0.00064670,0.01804446,0.01627097,0.00064831,-0.99986655,-0.02009327,0.99670696,0.07942689,0.01627165,0.48358685,-0.00000000,-0.00000000,-0.00000000,1.00000000
304,track,1784510375,800884971,camera_color_optical_frame,/home/bit/ffs+fp+sam/fp/stereo_tracker_fast_outputs/visualizations/000304.png,0.01799953,-0.02003649,0.48312929,0.51582783,-0.47679499,0.48357937,0.52224433,80.36822510,-85.48333740,9.65245628,0.02714240,-0.17584857,0.10313061,0.07763410,-0.99698073,0.00088126,0.01799953,0.01320395,0.00014487,-0.99991196,-0.02003649,0.99689353,0.07763897,0.01317594,0.48312929,-0.00000000,-0.00000000,-0.00000000,1.00000000
305,track,1784510375,850996108,camera_color_optical_frame,/home/bit/ffs+fp+sam/fp/stereo_tracker_fast_outputs/visualizations/000305.png,0.01930619,-0.02046119,0.48324361,0.51805812,-0.47447786,0.48158693,0.52398533,81.41242218,-85.01598358,8.65498543,0.05010986,-0.00740383,-0.47452521,0.08588847,-0.99630249,0.00174205,0.01930619,0.01307373,-0.00062077,-0.99991357,-0.02046119,0.99621803,0.08590388,0.01297269,0.48324361,-0.00000000,-0.00000000,-0.00000000,1.00000000
306,track,1784510375,950879466,camera_color_optical_frame,/home/bit/ffs+fp+sam/fp/stereo_tracker_fast_outputs/visualizations/000306.png,0.01957348,-0.02041351,0.48360977,0.51809341,-0.47145930,0.48148823,0.52675843,78.54172516,-84.62453461,11.53616619,-0.00228332,0.32418028,-0.34009728,0.09178945,-0.99577516,0.00222229,0.01957348,0.01873512,-0.00050379,-0.99982357,-0.02041351,0.99560130,0.09181495,0.01861035,0.48360977,-0.00000000,-0.00000000,-0.00000000,1.00000000
307,track,1784510376,964826,camera_color_optical_frame,/home/bit/ffs+fp+sam/fp/stereo_tracker_fast_outputs/visualizations/000307.png,0.01960527,-0.02094229,0.48316580,0.51893449,-0.47233301,0.48191580,0.52475291,80.33761597,-84.79840088,9.87792206,0.14447346,-0.18232678,0.14266627,0.08931629,-0.99599260,0.00445005,0.01960527,0.01555273,-0.00307216,-0.99987358,-0.02094229,0.99588096,0.08937429,0.01521665,0.48316580,-0.00000000,-0.00000000,-0.00000000,1.00000000
308,track,1784510376,50981674,camera_color_optical_frame,/home/bit/ffs+fp+sam/fp/stereo_tracker_fast_outputs/visualizations/000308.png,0.01899228,-0.02070059,0.48353854,0.51746881,-0.47307840,0.48461866,0.52303690,78.49826050,-85.15383148,11.84383106,0.11935729,0.10352510,0.38105863,0.08268213,-0.99655282,0.00667599,0.01899228,0.01733922,-0.00525885,-0.99983507,-0.02070059,0.99642426,0.08278431,0.01684528,0.48353854,-0.00000000,-0.00000000,-0.00000000,1.00000000
309,track,1784510376,67653272,camera_color_optical_frame,/home/bit/ffs+fp+sam/fp/stereo_tracker_fast_outputs/visualizations/000309.png,0.01951785,-0.02073765,0.48333466,0.51950133,-0.47146240,0.48278466,0.52417606,80.04916382,-84.79295349,10.33174515,0.04477907,-0.06290156,-0.37922379,0.08928344,-0.99597824,0.00735690,0.01951785,0.01627666,-0.00592586,-0.99984914,-0.02073765,0.99587250,0.08938979,0.01568276,0.48333466,-0.00000000,-0.00000000,-0.00000000,1.00000000
310,track,1784510376,100999263,camera_color_optical_frame,/home/bit/ffs+fp+sam/fp/stereo_tracker_fast_outputs/visualizations/000310.png,0.01913701,-0.02097140,0.48315778,0.51958925,-0.47174355,0.48414275,0.52258092,80.15607452,-84.97672272,10.38306618,0.15798730,-0.02736631,0.18177624,0.08612669,-0.99623257,0.01006334,0.01913701,0.01578089,-0.00873492,-0.99983644,-0.02097140,0.99615854,0.08627150,0.01496980,0.48315778,-0.00000000,-0.00000000,-0.00000000,1.00000000
311,track,1784510376,150880518,camera_color_optical_frame,/home/bit/ffs+fp+sam/fp/stereo_tracker_fast_outputs/visualizations/000311.png,0.01903873,-0.02065307,0.48364264,0.51742375,-0.47052670,0.48578829,0.52429682,75.71091461,-84.94336700,14.76980782,-0.07524101,0.38372910,0.04770275,0.08522794,-0.99631703,0.00932654,0.01903873,0.02247015,-0.00743570,-0.99971896,-0.02065307,0.99610740,0.08541365,0.02175434,0.48364264,-0.00000000,-0.00000000,-0.00000000,1.00000000
312,track,1784510376,200886598,camera_color_optical_frame,/home/bit/ffs+fp+sam/fp/stereo_tracker_fast_outputs/visualizations/000312.png,0.01860585,-0.01964319,0.48378432,0.51621395,-0.47094211,0.48689559,0.52408910,74.11489105,-85.08033752,16.34800339,-0.02367803,0.09683785,0.16793200,0.08229156,-0.99656636,0.00905431,0.01860585,0.02413859,-0.00708886,-0.99968261,-0.01964319,0.99631524,0.08248407,0.02347304,0.48378432,-0.00000000,-0.00000000,-0.00000000,1.00000000
313,track,1784510376,251014122,camera_color_optical_frame,/home/bit/ffs+fp+sam/fp/stereo_tracker_fast_outputs/visualizations/000313.png,0.01952831,-0.02078266,0.48365334,0.51885659,-0.47043574,0.48404509,0.52457458,77.96749115,-84.78285980,12.48473835,0.00522209,-0.25946862,-0.37085244,0.08878028,-0.99601209,0.00874364,0.01952831,0.01965730,-0.00702405,-0.99978125,-0.02078266,0.99585658,0.08893281,0.01895600,0.48365334,-0.00000000,-0.00000000,-0.00000000,1.00000000
314,track,1784510376,317566937,camera_color_optical_frame,/home/bit/ffs+fp+sam/fp/stereo_tracker_fast_outputs/visualizations/000314.png,0.01907419,-0.01977279,0.48374686,0.51626414,-0.47163016,0.48463970,0.52551007,75.51846313,-84.93613434,14.69698429,-0.24542041,0.15815377,0.19427800,0.08537805,-0.99633682,0.00471222,0.01907419,0.02239371,-0.00280886,-0.99974442,-0.01977279,0.99609625,0.08546182,0.02207254,0.48374686,-0.00000000,-0.00000000,-0.00000000,1.00000000
315,track,1784510376,367545952,camera_color_optical_frame,/home/bit/ffs+fp+sam/fp/stereo_tracker_fast_outputs/visualizations/000315.png,0.02003654,-0.02009067,0.48345619,0.51856148,-0.47040236,0.48286861,0.52597868,77.85478973,-84.64611053,12.43443871,0.08344896,-0.13290691,-0.32956916,0.09111829,-0.99582165,0.00595176,0.02003654,0.02009108,-0.00413661,-0.99978864,-0.02009067,0.99563670,0.09121868,0.01963089,0.48345619,-0.00000000,-0.00000000,-0.00000000,1.00000000
316,track,1784510376,417553422,camera_color_optical_frame,/home/bit/ffs+fp+sam/fp/stereo_tracker_fast_outputs/visualizations/000316.png,0.02039904,-0.02023952,0.48335516,0.51803440,-0.46852797,0.48189500,0.52905494,75.90802765,-84.28556824,14.22624874,-0.16403203,0.24961689,-0.31223381,0.09651679,-0.99532449,0.00352335,0.02039904,0.02446956,-0.00116548,-0.99969882,-0.02023952,0.99502987,0.09657402,0.02424334,0.48335516,-0.00000000,-0.00000000,-0.00000000,1.00000000
317,track,1784510376,467644301,camera_color_optical_frame,/home/bit/ffs+fp+sam/fp/stereo_tracker_fast_outputs/visualizations/000317.png,0.01916665,-0.02002312,0.48400375,0.51692903,-0.47167191,0.48316628,0.52617514,76.84136963,-84.80326080,13.28720474,-0.00232469,-0.20874530,0.48208424,0.08815110,-0.99610144,0.00316230,0.01916665,0.02081725,-0.00133123,-0.99978137,-0.02002312,0.99588889,0.08819775,0.02061942,0.48400375,-0.00000000,-0.00000000,-0.00000000,1.00000000
318,track,1784510376,534219304,camera_color_optical_frame,/home/bit/ffs+fp+sam/fp/stereo_tracker_fast_outputs/visualizations/000318.png,0.01926461,-0.01999439,0.48365524,0.51731956,-0.47005528,0.48497570,0.52557313,75.41576385,-84.79199982,14.96624947,0.24651946,0.15040466,0.02588569,0.08769247,-0.99611735,0.00767895,0.01926461,0.02344177,-0.00564245,-0.99970829,-0.01999439,0.99587107,0.08784698,0.02285662,0.48365524,-0.00000000,-0.00000000,-0.00000000,1.00000000
319,track,1784510376,584342349,camera_color_optical_frame,/home/bit/ffs+fp+sam/fp/stereo_tracker_fast_outputs/visualizations/000319.png,0.01958921,-0.02031410,0.48356965,0.51736426,-0.46991551,0.48284534,0.52761167,75.96865845,-84.55014038,14.18486977,-0.22514446,-0.01108552,-0.25226566,0.09207885,-0.99574405,0.00374891,0.01958921,0.02327366,-0.00161121,-0.99972683,-0.02031410,0.99547899,0.09214105,0.02302689,0.48356965,-0.00000000,-0.00000000,-0.00000000,1.00000000
320,track,1784510376,634216820,camera_color_optical_frame,/home/bit/ffs+fp+sam/fp/stereo_tracker_fast_outputs/visualizations/000320.png,0.01973806,-0.02076280,0.48351780,0.51889038,-0.47004208,0.48105478,0.52763581,78.36765289,-84.41417694,11.76205921,-0.01229352,-0.19700372,-0.18424688,0.09529272,-0.99544340,0.00320820,0.01973806,0.01984184,-0.00132230,-0.99980122,-0.02076280,0.99525082,0.09533757,0.01962610,0.48351780,-0.00000000,-0.00000000,-0.00000000,1.00000000
321,track,1784510376,684224362,camera_color_optical_frame,/home/bit/ffs+fp+sam/fp/stereo_tracker_fast_outputs/visualizations/000321.png,0.01976863,-0.02014389,0.48350847,0.51830554,-0.47186437,0.48188436,0.52582389,79.09021759,-84.72315979,11.05290127,0.01627040,-0.12629850,0.28988326,0.09026206,-0.99591190,0.00329257,0.01976863,0.01763167,-0.00170704,-0.99984205,-0.02014389,0.99576122,0.09030598,0.01740618,0.48350847,-0.00000000,-0.00000000,-0.00000000,1.00000000
322,track,1784510376,750951511,camera_color_optical_frame,/home/bit/ffs+fp+sam/fp/stereo_tracker_fast_outputs/visualizations/000322.png,0.01939268,-0.02036674,0.48362446,0.51735502,-0.47114214,0.48381281,0.52563685,76.73887634,-84.81325531,13.51246643,0.09820387,0.20027478,0.13520047,0.08789974,-0.99611443,0.00530770,0.01939268,0.02112309,-0.00346269,-0.99976975,-0.02036674,0.99590462,0.08799174,0.02073734,0.48362446,-0.00000000,-0.00000000,-0.00000000,1.00000000
323,track,1784510376,800875026,camera_color_optical_frame,/home/bit/ffs+fp+sam/fp/stereo_tracker_fast_outputs/visualizations/000323.png,0.01904271,-0.01987395,0.48356709,0.51596671,-0.47301397,0.48447621,0.52470851,76.42644501,-85.09384155,13.72917175,-0.09668386,-0.04637236,0.27739435,0.08308040,-0.99653566,0.00355938,0.01904271,0.02029764,-0.00187829,-0.99979109,-0.01987395,0.99633539,0.08313541,0.02007197,0.48356709,-0.00000000,-0.00000000,-0.00000000,1.00000000
324,track,1784510376,867698296,camera_color_optical_frame,/home/bit/ffs+fp+sam/fp/stereo_tracker_fast_outputs/visualizations/000324.png,0.01917261,-0.02039417,0.48362476,0.51840645,-0.47155741,0.48299506,0.52498013,78.67813110,-84.80490112,11.60046101,0.13152735,-0.12039100,-0.32263157,0.08869785,-0.99604160,0.00566003,0.01917261,0.01820780,-0.00405961,-0.99982488,-0.02039417,0.99589139,0.08878551,0.01777634,0.48362476,-0.00000000,-0.00000000,-0.00000000,1.00000000
325,track,1784510376,934215472,camera_color_optical_frame,/home/bit/ffs+fp+sam/fp/stereo_tracker_fast_outputs/visualizations/000325.png,0.01943241,-0.02039876,0.48363331,0.51733512,-0.47229505,0.48228410,0.52602649,78.15518951,-84.80003357,11.91886616,-0.20587826,0.02919345,0.00097757,0.08867802,-0.99605715,0.00212666,0.01943241,0.01871789,-0.00046776,-0.99982357,-0.02039876,0.99588370,0.08870230,0.01860329,0.48363331,-0.00000000,-0.00000000,-0.00000000,1.00000000
326,track,1784510377,50877822,camera_color_optical_frame,/home/bit/ffs+fp+sam/fp/stereo_tracker_fast_outputs/visualizations/000326.png,0.01924169,-0.02042382,0.48366982,0.51777953,-0.47217309,0.48362157,0.52446842,78.28816223,-84.93716431,11.98441315,0.19822998,-0.02252781,0.13540840,0.08632465,-0.99625075,0.00554005,0.01924169,0.01832433,-0.00397161,-0.99982315,-0.02042382,0.99609780,0.08641099,0.01791348,0.48366982,-0.00000000,-0.00000000,-0.00000000,1.00000000
327,track,1784510377,100980152,camera_color_optical_frame,/home/bit/ffs+fp+sam/fp/stereo_tracker_fast_outputs/visualizations/000327.png,0.01894185,-0.02017380,0.48357186,0.51725626,-0.47331011,0.48421174,0.52341425,78.54163361,-85.13529968,11.72999477,-0.00010295,-0.06139422,0.18967210,0.08303209,-0.99653101,0.00544980,0.01894185,0.01724046,-0.00403091,-0.99984223,-0.02017380,0.99639696,0.08311304,0.01684666,0.48357186,-0.00000000,-0.00000000,-0.00000000,1.00000000
328,track,1784510377,167539848,camera_color_optical_frame,/home/bit/ffs+fp+sam/fp/stereo_tracker_fast_outputs/visualizations/000328.png,0.01881284,-0.01984553,0.48367897,0.51596671,-0.47228754,0.48448232,0.52535683,75.75987244,-84.99854279,14.40059471,-0.12128423,0.25415438,-0.08249684,0.08444189,-0.99642056,0.00371566,0.01881284,0.02168193,-0.00189022,-0.99976212,-0.01984553,0.99619180,0.08450246,0.02144539,0.48367897,-0.00000000,-0.00000000,-0.00000000,1.00000000
329,track,1784510377,184207706,camera_color_optical_frame,/home/bit/ffs+fp+sam/fp/stereo_tracker_fast_outputs/visualizations/000329.png,0.01924885,-0.02031195,0.48322889,0.51735246,-0.47107741,0.48365691,0.52584076,76.72115326,-84.78818512,13.51312351,0.07735394,-0.02658666,-0.22311801,0.08832319,-0.99607831,0.00501992,0.01924885,0.02122592,-0.00315594,-0.99976867,-0.02031195,0.99586493,0.08840939,0.02086463,0.48322889,-0.00000000,-0.00000000,-0.00000000,1.00000000
330,track,1784510377,234278093,camera_color_optical_frame,/home/bit/ffs+fp+sam/fp/stereo_tracker_fast_outputs/visualizations/000330.png,0.01879022,-0.02024331,0.48385501,0.51678920,-0.47302011,0.48417479,0.52417153,77.63004303,-85.08301544,12.58588028,-0.01506602,-0.14525279,0.26931408,0.08365271,-0.99648368,0.00454629,0.01879022,0.01867695,-0.00299317,-0.99982005,-0.02024331,0.99631917,0.08372264,0.01836160,0.48385501,-0.00000000,-0.00000000,-0.00000000,1.00000000
331,track,1784510377,284255369,camera_color_optical_frame,/home/bit/ffs+fp+sam/fp/stereo_tracker_fast_outputs/visualizations/000331.png,0.01875311,-0.02071967,0.48332852,0.51703835,-0.47329071,0.48383391,0.52399617,78.32164001,-85.08741760,11.88356972,-0.00815170,-0.05980993,-0.00821887,0.08380037,-0.99647218,0.00431752,0.01875311,0.01763441,-0.00284863,-0.99983937,-0.02071967,0.99632579,0.08386312,0.01733419,0.48332852,-0.00000000,-0.00000000,-0.00000000,1.00000000
332,track,1784510377,350919920,camera_color_optical_frame,/home/bit/ffs+fp+sam/fp/stereo_tracker_fast_outputs/visualizations/000332.png,0.01888389,-0.02071142,0.48361748,0.51804709,-0.47335160,0.48232117,0.52433938,80.09476471,-84.95372772,10.05838013,-0.04502667,-0.13069309,-0.16090986,0.08660818,-0.99623573,0.00333753,0.01888389,0.01536237,-0.00201374,-0.99987882,-0.02071142,0.99612325,0.08664907,0.01513084,0.48361748,-0.00000000,-0.00000000,-0.00000000,1.00000000
333,track,1784510377,417620701,camera_color_optical_frame,/home/bit/ffs+fp+sam/fp/stereo_tracker_fast_outputs/visualizations/000333.png,0.01949993,-0.02063378,0.48325691,0.51773614,-0.47249386,0.48172107,0.52596921,78.98831177,-84.77414703,11.06834316,-0.10076532,0.12132359,-0.16028956,0.08938768,-0.99599409,0.00177565,0.01949993,0.01748588,-0.00021273,-0.99984592,-0.02063378,0.99584270,0.08940506,0.01739751,0.48325691,-0.00000000,-0.00000000,-0.00000000,1.00000000
334,track,1784510377,450929904,camera_color_optical_frame,/home/bit/ffs+fp+sam/fp/stereo_tracker_fast_outputs/visualizations/000334.png,0.01887808,-0.02103174,0.48377469,0.51752508,-0.47385460,0.48266238,0.52408636,79.82656860,-85.04408264,10.30189323,0.07456161,-0.11667556,0.25275585,0.08499657,-0.99637586,0.00289969,0.01887808,0.01544940,-0.00159147,-0.99987817,-0.02103174,0.99626076,0.08503111,0.01525882,0.48377469,-0.00000000,-0.00000000,-0.00000000,1.00000000
335,track,1784510377,467809651,camera_color_optical_frame,/home/bit/ffs+fp+sam/fp/stereo_tracker_fast_outputs/visualizations/000335.png,0.01855745,-0.02022658,0.48387623,0.51601774,-0.47391793,0.48490739,0.52344280,77.23834229,-85.25971222,12.96566296,0.06640889,0.17756683,0.25613156,0.08053225,-0.99674159,0.00430506,0.01855745,0.01854151,-0.00281981,-0.99982291,-0.02022658,0.99657881,0.08059791,0.01825469,0.48387623,-0.00000000,-0.00000000,-0.00000000,1.00000000
336,track,1784510377,484259369,camera_color_optical_frame,/home/bit/ffs+fp+sam/fp/stereo_tracker_fast_outputs/visualizations/000336.png,0.01926182,-0.01999398,0.48355886,0.51826751,-0.47144362,0.48355001,0.52470851,78.25836945,-84.84651947,12.06618881,0.12380504,0.01229479,-0.42022240,0.08783950,-0.99611241,0.00647680,0.01926182,0.01877695,-0.00484458,-0.99981081,-0.01999398,0.99595690,0.08794457,0.01827909,0.48355886,-0.00000000,-0.00000000,-0.00000000,1.00000000
337,track,1784510377,500964549,camera_color_optical_frame,/home/bit/ffs+fp+sam/fp/stereo_tracker_fast_outputs/visualizations/000337.png,0.01893822,-0.02071104,0.48361152,0.51813012,-0.47339284,0.48331347,0.52330536,80.03393555,-85.06746674,10.23779774,-0.04606859,-0.19940503,0.18678775,0.08461370,-0.99639821,0.00538167,0.01893822,0.01528204,-0.00410224,-0.99987370,-0.02071104,0.99629593,0.08468533,0.01488060,0.48361152,-0.00000000,-0.00000000,-0.00000000,1.00000000
338,track,1784510377,517779555,camera_color_optical_frame,/home/bit/ffs+fp+sam/fp/stereo_tracker_fast_outputs/visualizations/000338.png,0.01861533,-0.01992215,0.48386869,0.51604575,-0.47134894,0.48596129,0.52475584,74.56214142,-85.03167725,15.77596951,0.04600063,0.47382420,0.07036030,0.08334271,-0.99649614,0.00687164,0.01861533,0.02354586,-0.00492403,-0.99970949,-0.01992215,0.99624205,0.08348037,0.02305368,0.48386869,-0.00000000,-0.00000000,-0.00000000,1.00000000
339,track,1784510377,534270003,camera_color_optical_frame,/home/bit/ffs+fp+sam/fp/stereo_tracker_fast_outputs/visualizations/000339.png,0.01930977,-0.02017401,0.48353019,0.51787210,-0.47152922,0.48420671,0.52441639,77.65474701,-84.91847229,12.69660950,0.02541135,-0.23463389,-0.17465077,0.08640730,-0.99623454,0.00696017,0.01930977,0.01946735,-0.00529608,-0.99979538,-0.02017401,0.99606895,0.08652518,0.01893714,0.48353019,-0.00000000,-0.00000000,-0.00000000,1.00000000
340,track,1784510377,550997203,camera_color_optical_frame,/home/bit/ffs+fp+sam/fp/stereo_tracker_fast_outputs/visualizations/000340.png,0.01888828,-0.02016148,0.48377872,0.51686627,-0.47161940,0.48391521,0.52559537,76.50541687,-84.87418365,13.69874287,-0.15121055,0.09671833,-0.02336017,0.08680160,-0.99621451,0.00447809,0.01888828,0.02115793,-0.00265006,-0.99977154,-0.02016148,0.99600017,0.08687656,0.02084853,0.48377872,-0.00000000,-0.00000000,-0.00000000,1.00000000
341,track,1784510377,567582134,camera_color_optical_frame,/home/bit/ffs+fp+sam/fp/stereo_tracker_fast_outputs/visualizations/000341.png,0.01940139,-0.02067803,0.48380080,0.51721936,-0.47142705,0.48289350,0.52635968,77.06684113,-84.74957275,13.06618786,-0.06854395,-0.02732603,-0.13436596,0.08913971,-0.99601281,0.00324451,0.01940139,0.02068802,-0.00140481,-0.99978393,-0.02067803,0.99580348,0.08918763,0.02048103,0.48380080,-0.00000000,-0.00000000,-0.00000000,1.00000000
342,track,1784510377,584460575,camera_color_optical_frame,/home/bit/ffs+fp+sam/fp/stereo_tracker_fast_outputs/visualizations/000342.png,0.01926492,-0.01998450,0.48352313,0.51765025,-0.47044605,0.48376030,0.52601779,76.51841736,-84.72402954,13.76489925,0.14732765,0.06820405,-0.01013730,0.08931199,-0.99598509,0.00591233,0.01926492,0.02187912,-0.00397228,-0.99975169,-0.01998450,0.99576253,0.08941923,0.02143725,0.48352313,-0.00000000,-0.00000000,-0.00000000,1.00000000
